Sample,Rollercount,RollerGap,Waterflow,Airpressure,BrightLine,
1,280,1.686,48.3,0.1,9,
2,274,1.686,48.3,0.1,7,
3,264,1.686,48.3,0.1,5,
4,275,1.686,48.3,0.1,8,
5,261,1.686,48.3,0.1,6,
6,274,1.686,48.3,0.1,9,
7,262,1.686,48.3,0.1,5,
8,260,1.686,48.3,0.1,5,
9,253,1.686,48.3,0.1,2,
10,264,1.687,48.3,0.1,4,
11,251,1.687,48.3,0.1,2,
12,269,1.696,48.3,0.1,4,
13,254,1.687,48.3,0.1,4,
14,249,1.686,48.3,0.1,1,
15,254,1.688,48.3,0.1,4,
16,252,1.688,48.3,0.1,2,
17,261,1.7,48.3,0.1,4,
18,248,1.7,48.3,0.1,0,
19,245,1.7,48.3,0.1,0,
20,259,1.7,48.3,0.1,2,
21,255,1.69,48.3,0.1,3,
22,256,1.69,48.3,0.1,3,
23,241,1.69,48.3,0.1,0,
24,245,1.69,48.3,0.1,0,
25,254,1.69,48.3,0.1,4,
26,255,1.69,48.3,0.1,3,
27,254,1.698,48.3,0.1,2,
28,251,1.698,48.3,0.1,2,
29,242,1.68,48.3,0.1,0,
30,242,1.672,48.3,0.1,2,
31,231,1.665,48.3,0.1,1,
32,236,1.701,48.3,0.1,0,
33,243,1.7,48.3,0.1,0,
34,247,1.7,48.3,0.1,0,
35,244,1.697,48.3,0.1,0,
36,228,1.697,48.3,0.1,0,
37,235,1.699,48.3,0.1,0,
38,225,1.7,48.3,0.1,0,
39,226,1.699,48.3,0.1,0,
40,227,1.664,48.3,0.1,1,
41,238,1.664,48.3,0.1,1,
42,239,1.663,48.3,0.1,1,
43,233,1.663,48.3,0.1,1,
44,226,1.664,48.3,0.1,1,
45,220,1.663,48.3,0.1,1,
46,235,1.686,48.3,0.1,0,
47,216,1.687,48.3,0.1,0,
48,233,1.687,48.3,0.1,0,
49,220,1.694,48.3,0.1,0,
50,214,1.694,48.3,0.1,0,
51,226,1.679,48.3,0.1,0,
52,213,1.665,48.3,0.1,1,
53,221,1.664,48.3,0.1,1,
54,217,1.69,48.3,0.1,0,
55,212,1.689,48.3,0.1,0,
56,210,1.692,48.3,0.1,0,
57,220,1.687,48.3,0.1,0,
58,212,1.687,48.3,0.1,0,
59,207,1.687,48.3,0.1,0,
60,206,1.689,48.3,0.1,0,
61,219,1.689,48.3,0.1,0,
62,204,1.687,48.3,0.1,0,
63,217,1.688,48.3,0.1,0,
64,200,1.677,48.3,0.1,1,
65,200,1.678,48.3,0.1,0,
66,278,1.679,48.3,0.1,8,
67,203,1.677,48.3,0.1,0,
68,277,1.674,48.3,0.1,8,
69,274,1.674,48.3,0.1,8,
70,277,1.675,48.3,0.1,8,
71,279,1.675,48.3,0.1,9,
72,277,1.675,48.3,0.1,9,
73,207,1.672,48.3,0.1,0,
74,270,1.68,48.3,0.1,6,
75,269,1.679,48.3,0.1,6,
76,200,1.679,48.3,0.1,0,
77,267,1.679,48.3,0.1,7,
78,272,1.681,48.3,0.1,7,
79,280,1.678,48.3,0.1,12,
80,278,1.681,48.3,0.1,8,
81,267,1.676,48.3,0.1,6,
82,278,1.689,48.3,0.1,8,
83,268,1.689,48.3,0.1,5,
84,266,1.689,48.3,0.1,6,
85,275,1.69,48.3,0.1,6,
86,262,1.679,48.3,0.1,5,
87,271,1.689,48.3,0.1,8,
88,267,1.686,48.3,0.1,5,
89,256,1.686,48.3,0.1,4,
90,257,1.683,48.3,0.1,5,
91,253,1.691,48.3,0.1,1,
92,259,1.678,48.3,0.1,5,
93,259,1.678,48.3,0.1,5,
94,262,1.679,48.3,0.1,5,
95,266,1.679,48.3,0.1,6,
96,258,1.679,48.3,0.1,5,
97,260,1.677,48.3,0.1,5,
98,264,1.677,48.3,0.1,6,
99,254,1.679,48.3,0.1,4,
100,260,1.677,48.3,0.1,6,
101,256,1.679,48.3,0.1,5,
102,253,1.677,48.3,0.1,4,
103,248,1.678,48.3,0.1,2,
104,241,1.672,48.3,0.1,1,
105,243,1.672,48.3,0.1,2,
106,237,1.67,48.3,0.1,1,
107,247,1.67,48.3,0.1,0,
108,243,1.679,48.3,0.1,1,
109,242,1.685,48.3,0.1,0,
110,234,1.68,48.3,0.1,0,
111,235,1.68,48.3,0.1,0,
112,239,1.679,48.3,0.1,0,
113,234,1.679,48.3,0.1,0,
114,234,1.679,48.3,0.1,0,
115,231,1.677,48.3,0.1,0,
116,236,1.677,48.3,0.1,0,
117,233,1.676,48.3,0.1,0,
118,226,1.677,48.3,0.1,0,
119,236,1.677,48.3,0.1,0,
120,240,1.69,48.3,0.1,0,
121,230,1.69,48.3,0.1,0,
122,239,1.689,48.3,0.1,0,
123,228,1.678,48.3,0.1,0,
124,221,1.681,48.3,0.1,0,
125,237,1.678,48.3,0.1,0,
126,223,1.683,48.3,0.1,0,
127,218,1.684,48.3,0.1,0,
128,221,1.684,48.3,0.1,0,
129,215,1.683,48.3,0.1,0,
130,216,1.676,48.3,0.1,0,
131,221,1.676,48.3,0.1,0,
132,228,1.679,48.3,0.1,0,
133,221,1.679,48.3,0.1,0,
134,227,1.679,48.3,0.1,0,
135,211,1.679,48.3,0.1,0,
136,209,1.67,48.3,0.1,1,
137,215,1.677,48.3,0.1,0,
138,209,1.681,48.3,0.1,0,
139,215,1.681,48.3,0.1,0,
140,214,1.682,48.3,0.1,0,
141,203,1.681,48.3,0.1,0,
142,218,1.685,48.3,0.1,0,
143,213,1.685,48.3,0.1,0,
144,215,1.686,48.3,0.1,0,
145,203,1.686,48.3,0.1,0,
146,213,1.678,48.3,0.1,0,
147,208,1.679,48.3,0.1,0,
148,210,1.679,48.3,0.1,0,
149,280,1.68,48.3,0.1,12,
150,276,1.679,48.3,0.1,9,
151,206,1.679,48.3,0.1,0,
152,273,1.679,48.3,0.1,9,
153,279,1.679,48.3,0.1,7,
154,202,1.692,48.3,0.1,0,
155,272,1.678,48.3,0.1,8,
156,201,1.689,48.3,0.1,0,
157,267,1.679,48.3,0.1,6,
158,202,1.679,48.3,0.1,0,
159,274,1.678,48.3,0.1,8,
160,265,1.678,48.3,0.1,6,
161,266,1.679,48.3,0.1,6,
162,269,1.679,48.3,0.1,7,
163,277,1.68,48.3,0.1,7,
164,260,1.679,48.3,0.1,5,
165,263,1.679,48.3,0.1,6,
166,277,1.679,48.3,0.1,9,
167,263,1.679,48.3,0.1,6,
168,261,1.679,48.3,0.1,6,
169,262,1.679,48.3,0.1,6,
170,270,1.679,48.3,0.1,7,
171,272,1.684,48.3,0.1,8,
172,260,1.678,48.3,0.1,5,
173,270,1.681,48.3,0.1,5,
174,268,1.679,48.3,0.1,7,
175,250,1.679,48.3,0.1,2,
176,262,1.68,48.3,0.1,5,
177,260,1.677,48.3,0.1,6,
178,264,1.679,48.3,0.1,5,
179,246,1.683,48.3,0.1,1,
180,255,1.683,48.3,0.1,4,
181,247,1.68,48.3,0.1,0,
182,249,1.679,48.3,0.1,3,
183,243,1.678,48.3,0.1,1,
184,250,1.678,48.3,0.1,2,
185,252,1.679,48.3,0.1,3,
186,239,1.678,48.3,0.1,0,
187,249,1.682,48.3,0.1,2,
188,252,1.677,48.3,0.1,3,
189,235,1.682,48.3,0.1,0,
190,236,1.682,48.3,0.1,0,
191,233,1.682,48.3,0.1,0,
192,251,1.679,48.3,0.1,3,
193,237,1.676,48.3,0.1,1,
194,234,1.675,48.3,0.1,0,
195,235,1.679,48.3,0.1,0,
196,238,1.684,48.3,0.1,0,
197,234,1.684,48.3,0.1,0,
198,243,1.684,48.3,0.1,0,
199,234,1.684,48.5,0.1,0,
200,231,1.685,48.5,0.1,0,
201,240,1.67,48.5,0.1,1,
202,226,1.677,48.5,0.1,0,
203,222,1.672,48.5,0.1,0,
204,234,1.675,48.5,0.1,0,
205,230,1.68,48.5,0.1,0,
206,235,1.679,48.5,0.1,0,
207,219,1.679,48.5,0.1,0,
208,218,1.679,48.5,0.1,0,
209,227,1.679,48.5,0.1,0,
210,217,1.679,48.5,0.1,0,
211,231,1.686,48.5,0.1,0,
212,218,1.686,48.5,0.1,0,
213,213,1.686,48.5,0.1,0,
214,229,1.686,48.5,0.1,0,
215,209,1.686,48.5,0.1,0,
216,219,1.686,48.5,0.1,0,
217,216,1.687,48.5,0.1,0,
218,215,1.687,48.5,0.1,0,
219,206,1.687,48.5,0.1,0,
220,219,1.687,48.5,0.1,0,
221,213,1.687,48.5,0.1,0,
222,210,1.687,48.5,0.1,0,
223,210,1.677,48.5,0.1,0,
224,200,1.678,48.5,0.1,0,
225,210,1.678,48.5,0.1,0,
226,210,1.679,48.5,0.1,0,
227,205,1.68,48.5,0.1,0,
228,277,1.68,48.5,0.1,8,
229,213,1.68,48.5,0.1,0,
230,209,1.681,48.5,0.1,0,
231,277,1.682,48.5,0.1,8,
232,208,1.682,48.5,0.1,0,
233,204,1.682,48.5,0.1,0,
234,206,1.684,48.5,0.1,0,
235,204,1.685,48.5,0.099,0,
236,277,1.685,48.5,0.099,8,
237,278,1.687,48.5,0.099,8,
238,205,1.687,48.5,0.099,0,
239,278,1.687,48.5,0.099,6,
240,278,1.688,48.5,0.099,8,
241,267,1.688,48.5,0.099,5,
242,200,1.688,48.5,0.099,0,
243,273,1.688,48.5,0.099,8,
244,278,1.688,48.5,0.099,7,
245,264,1.689,48.5,0.099,3,
246,278,1.689,48.5,0.099,8,
247,271,1.686,48.5,0.099,7,
248,258,1.686,48.5,0.099,5,
249,262,1.686,48.5,0.099,5,
250,274,1.687,48.5,0.099,8,
251,254,1.687,48.5,0.099,4,
252,254,1.691,48.5,0.099,3,
253,264,1.678,48.5,0.099,6,
254,266,1.678,48.5,0.099,6,
255,252,1.678,48.5,0.099,3,
256,267,1.677,48.5,0.099,7,
257,257,1.699,48.5,0.099,2,
258,251,1.696,48.5,0.099,2,
259,249,1.685,48.5,0.099,1,
260,264,1.684,48.5,0.099,5,
261,249,1.679,48.5,0.099,2,
262,254,1.679,48.5,0.099,4,
263,260,1.684,48.5,0.099,4,
264,242,1.679,48.5,0.099,0,
265,246,1.678,48.5,0.099,2,
266,244,1.674,48.5,0.099,1,
267,250,1.681,48.5,0.099,2,
268,253,1.678,48.5,0.099,3,
269,252,1.687,48.5,0.099,3,
270,250,1.69,48.5,0.099,2,
271,252,1.679,48.5,0.099,2,
272,237,1.676,48.5,0.099,1,
273,234,1.676,48.5,0.099,0,
274,240,1.677,48.5,0.099,1,
275,235,1.679,48.5,0.099,0,
276,236,1.677,48.5,0.099,0,
277,235,1.677,48.5,0.099,0,
278,242,1.677,48.5,0.099,1,
279,228,1.677,48.5,0.099,0,
280,239,1.679,48.5,0.099,0,
281,224,1.677,48.5,0.099,0,
282,228,1.678,48.5,0.099,0,
283,235,1.678,48.5,0.099,0,
284,221,1.678,48.5,0.099,0,
285,221,1.678,48.5,0.099,0,
286,225,1.679,48.5,0.099,0,
287,235,1.679,48.5,0.099,0,
288,217,1.678,48.5,0.099,0,
289,216,1.68,48.5,0.099,0,
290,216,1.68,48.5,0.099,0,
291,233,1.678,48.5,0.099,0,
292,231,1.678,48.5,0.099,0,
293,226,1.678,48.5,0.099,0,
294,225,1.678,48.5,0.099,1,
295,229,1.681,48.5,0.099,0,
296,227,1.681,48.5,0.099,0,
297,227,1.678,48.5,0.099,0,
298,225,1.678,48.5,0.099,0,
299,220,1.681,48.5,0.099,0,
300,208,1.681,48.5,0.099,0,
301,205,1.678,48.5,0.099,0,
302,204,1.678,48.5,0.099,0,
303,205,1.678,48.5,0.099,0,
304,217,1.681,48.5,0.099,0,
305,216,1.681,48.5,0.099,0,
306,210,1.684,48.5,0.099,0,
307,204,1.678,48.5,0.099,0,
308,200,1.678,48.5,0.099,0,
309,207,1.684,48.5,0.099,0,
310,203,1.678,48.5,0.099,0,
311,280,1.685,48.5,0.099,10,
312,202,1.678,48.5,0.099,0,
313,274,1.678,48.5,0.099,9,
314,207,1.687,48.5,0.099,0,
315,271,1.678,48.5,0.099,9,
316,274,1.678,48.5,0.099,9,
317,201,1.678,48.5,0.099,0,
318,272,1.679,48.5,0.099,8,
319,200,1.679,48.5,0.099,0,
320,267,1.679,48.5,0.099,6,
321,265,1.678,48.5,0.099,7,
322,266,1.678,48.5,0.099,7,
323,264,1.678,48.5,0.099,7,
324,270,1.678,48.5,0.099,7,
325,277,1.684,48.5,0.099,8,
326,273,1.686,48.5,0.099,7,
327,267,1.678,48.5,0.099,6,
328,276,1.679,48.5,0.099,8,
329,270,1.686,48.5,0.099,6,
330,269,1.689,48.5,0.099,5,
331,259,1.69,48.5,0.099,5,
332,265,1.679,48.5,0.099,6,
333,258,1.679,48.5,0.099,6,
334,265,1.68,48.5,0.099,7,
335,267,1.678,48.5,0.099,7,
336,256,1.687,48.5,0.099,4,
337,262,1.688,48.5,0.099,5,
338,254,1.679,48.5,0.099,4,
339,264,1.679,48.5,0.099,6,
340,263,1.692,48.5,0.099,5,
341,253,1.692,48.5,0.099,1,
342,253,1.679,48.5,0.099,3,
343,243,1.679,48.5,0.099,1,
344,257,1.679,48.5,0.099,5,
345,252,1.694,48.5,0.099,1,
346,254,1.694,48.5,0.099,2,
347,252,1.679,48.5,0.099,3,
348,256,1.679,48.5,0.099,6,
349,255,1.678,48.5,0.099,4,
350,253,1.681,48.5,0.099,4,
351,240,1.681,48.5,0.099,0,
352,246,1.681,48.5,0.099,1,
353,248,1.681,48.5,0.099,2,
354,234,1.681,48.5,0.099,0,
355,237,1.67,48.5,0.099,1,
356,249,1.672,48.5,0.099,2,
357,245,1.679,48.5,0.099,1,
358,239,1.678,48.5,0.099,0,
359,241,1.679,48.5,0.099,0,
360,234,1.678,48.5,0.099,0,
361,242,1.678,48.5,0.099,1,
362,241,1.678,48.5,0.099,1,
363,242,1.678,48.5,0.099,1,
364,233,1.678,48.5,0.099,0,
365,224,1.678,48.5,0.099,0,
366,229,1.678,48.5,0.099,0,
367,222,1.678,48.5,0.099,0,
368,221,1.678,48.5,0.099,0,
369,223,1.678,48.5,0.099,0,
370,222,1.678,48.5,0.099,0,
371,227,1.679,48.5,0.099,0,
372,223,1.679,48.5,0.099,0,
373,216,1.679,48.5,0.099,0,
374,231,1.679,48.5,0.099,0,
375,228,1.68,48.5,0.099,0,
376,229,1.68,48.5,0.099,0,
377,211,1.68,48.5,0.099,0,
378,227,1.678,48.5,0.099,0,
379,207,1.678,48.5,0.099,0,
380,208,1.678,48.5,0.099,0,
381,210,1.679,48.5,0.099,0,
382,221,1.678,48.5,0.099,0,
383,214,1.676,48.5,0.099,0,
384,205,1.698,48.5,0.099,0,
385,216,1.677,48.5,0.099,0,
386,216,1.677,48.5,0.099,0,
387,206,1.677,48.5,0.099,0,
388,203,1.677,48.5,0.099,0,
389,205,1.676,48.5,0.099,0,
390,279,1.677,48.5,0.099,10,
391,200,1.69,48.5,0.099,0,
392,201,1.69,48.5,0.099,0,
393,207,1.691,48.5,0.099,0,
394,200,1.684,48.5,0.099,0,
395,203,1.685,48.5,0.099,0,
396,205,1.687,48.5,0.099,0,
397,277,1.679,48.5,0.099,8,
398,272,1.679,48.5,0.099,8,
399,201,1.679,48.5,0.099,0,
400,202,1.68,48.5,0.099,0,
401,201,1.679,48.5,0.099,0,
402,269,1.616,48.5,0.099,8,
403,278,1.68,48.5,0.099,8,
404,265,1.68,48.5,0.099,6,
405,267,1.679,48.5,0.099,6,
406,262,1.679,48.5,0.099,6,
407,261,1.68,48.5,0.099,6,
408,264,1.679,48.5,0.099,6,
409,269,1.679,48.5,0.099,6,
410,258,1.679,48.5,0.099,5,
411,262,1.679,48.5,0.099,5,
412,257,1.679,48.5,0.099,4,
413,269,1.679,48.2,0.099,6,
414,264,1.679,48.2,0.099,6,
415,252,1.679,48.2,0.099,3,
416,259,1.679,48.2,0.099,5,
417,256,1.679,48.2,0.099,5,
418,255,1.679,48.2,0.099,5,
419,263,1.679,48.2,0.099,6,
420,264,1.679,48.2,0.099,6,
421,255,1.679,48.2,0.099,4,
422,262,1.679,48.2,0.099,5,
423,257,1.679,48.2,0.099,5,
424,253,1.679,48.2,0.099,3,
425,255,1.679,48.2,0.099,4,
426,260,1.679,48.2,0.099,4,
427,252,1.68,48.2,0.099,3,
428,250,1.681,48.2,0.099,3,
429,255,1.681,48.2,0.099,4,
430,238,1.68,48.2,0.099,0,
431,245,1.68,48.2,0.099,1,
432,235,1.679,48.2,0.099,0,
433,244,1.679,48.2,0.099,1,
434,241,1.679,48.2,0.099,1,
435,247,1.679,48.2,0.099,1,
436,245,1.679,48.2,0.099,1,
437,240,1.701,48.2,0.099,0,
438,239,1.701,48.2,0.099,0,
439,235,1.701,48.2,0.099,0,
440,232,1.679,48.2,0.099,0,
441,226,1.678,48.2,0.099,0,
442,242,1.678,48.2,0.099,1,
443,238,1.678,48.2,0.099,0,
444,226,1.691,48.2,0.099,0,
445,227,1.691,48.2,0.099,0,
446,228,1.684,48.2,0.099,0,
447,239,1.686,48.2,0.099,0,
448,231,1.686,48.2,0.099,0,
449,218,1.686,48.2,0.099,0,
450,234,1.686,48.2,0.099,0,
451,222,1.686,48.2,0.099,0,
452,221,1.686,48.2,0.099,0,
453,224,1.686,48.2,0.099,0,
454,218,1.686,48.2,0.099,0,
455,218,1.686,48.2,0.099,0,
456,222,1.678,48.2,0.099,0,
457,220,1.677,48.2,0.099,0,
458,220,1.678,48.2,0.099,0,
459,223,1.677,48.2,0.099,0,
460,225,1.687,48.2,0.099,0,
461,221,1.687,48.2,0.099,0,
462,206,1.688,48.2,0.099,0,
463,214,1.692,48.2,0.099,0,
464,204,1.7,48.2,0.099,0,
465,211,1.701,48.2,0.099,0,
466,208,1.599,48.2,0.099,2,
467,215,1.609,48.2,0.099,2,
468,207,1.59,48.2,0.099,0,
469,209,1.679,48.2,0.099,0,
470,208,1.679,48.2,0.099,0,
471,213,1.678,48.2,0.099,0,
472,200,1.678,48.2,0.099,0,
473,209,1.677,48.2,0.099,0,
474,212,1.677,48.2,0.099,0,
475,207,1.678,48.2,0.099,0,
476,201,1.678,48.2,0.099,0,
477,200,1.677,48.2,0.099,0,
478,204,1.677,48.2,0.099,0,
479,272,1.677,48.2,0.099,8,
480,269,1.677,48.2,0.099,7,
481,272,1.677,48.2,0.099,8,
482,274,1.689,48.2,0.099,7,
483,203,1.689,48.2,0.099,0,
484,273,1.678,48.2,0.099,10,
485,280,1.688,48.2,0.099,9,
486,264,1.688,48.2,0.099,3,
487,272,1.691,48.2,0.099,6,
488,273,1.589,48.2,0.099,11,
489,270,1.589,48.2,0.099,8,
490,261,1.678,48.2,0.099,6,
491,257,1.678,48.2,0.099,5,
492,261,1.695,48.2,0.099,3,
493,269,1.564,48.2,0.099,8,
494,257,1.564,48.2,0.099,5,
495,253,1.538,48.2,0.099,4,
496,253,1.539,48.2,0.099,4,
497,260,1.679,48.2,0.099,5,
498,266,1.679,48.2,0.099,7,
499,258,1.676,48.2,0.099,5,
500,248,1.682,48.2,0.099,2,
501,265,1.676,48.2,0.099,6,
502,258,1.676,48.2,0.099,5,
503,260,1.68,48.2,0.099,4,
504,257,1.674,48.2,0.099,5,
505,252,1.69,48.2,0.099,1,
506,260,1.69,48.2,0.099,3,
507,246,1.69,48.2,0.099,0,
508,252,1.648,48.2,0.099,3,
509,252,1.659,48.2,0.099,3,
510,250,1.689,48.2,0.099,2,
511,256,1.689,48.2,0.099,4,
512,244,1.689,48.2,0.099,0,
513,253,1.684,48.2,0.099,3,
514,243,1.685,48.2,0.099,0,
515,243,1.685,48.2,0.099,0,
516,245,1.689,48.2,0.099,0,
517,244,1.684,48.2,0.099,0,
518,241,1.69,48.2,0.099,0,
519,248,1.681,48.2,0.099,2,
520,241,1.68,48.2,0.099,0,
521,235,1.68,48.2,0.099,0,
522,242,1.679,48.2,0.099,1,
523,243,1.679,48.2,0.099,1,
524,227,1.662,48.2,0.099,1,
525,227,1.682,48.2,0.099,0,
526,229,1.689,48.2,0.099,0,
527,224,1.689,48.2,0.099,0,
528,222,1.69,48.2,0.099,0,
529,222,1.695,48.2,0.099,0,
530,228,1.695,48.2,0.099,0,
531,235,1.697,48.2,0.099,0,
532,223,1.697,48.2,0.099,0,
533,216,1.698,48.2,0.099,0,
534,224,1.698,48.2,0.099,0,
535,221,1.689,48.2,0.099,0,
536,214,1.689,48.2,0.099,0,
537,217,1.699,48.2,0.099,0,
538,220,1.699,48.2,0.099,0,
539,211,1.697,48.2,0.099,0,
540,209,1.697,48.2,0.099,0,
541,224,1.683,48.2,0.099,0,
542,207,1.687,48.2,0.099,0,
543,224,1.687,48.2,0.099,0,
544,217,1.687,48.2,0.099,0,
545,222,1.698,48.2,0.099,0,
546,206,1.687,48.2,0.099,0,
547,220,1.682,48.2,0.099,0,
548,211,1.687,48.2,0.099,0,
549,208,1.682,48.2,0.099,0,
550,204,1.682,48.2,0.099,0,
551,204,1.68,48.2,0.099,0,
552,210,1.68,48.2,0.099,0,
553,278,1.678,48.2,0.099,9,
554,278,1.69,48.2,0.099,6,
555,279,1.659,48.2,0.099,10,
556,201,1.696,48.2,0.099,0,
557,280,1.696,48.2,0.099,9,
558,275,1.696,48.2,0.099,8,
559,204,1.696,48.2,0.099,0,
560,272,1.66,48.2,0.099,9,
561,200,1.696,48.2,0.099,0,
562,275,1.697,48.2,0.099,8,
563,274,1.659,48.2,0.099,9,
564,267,1.68,48.2,0.099,7,
565,274,1.68,48.2,0.099,8,
566,268,1.68,48.2,0.099,6,
567,270,1.679,48.2,0.099,6,
568,268,1.679,48.2,0.099,6,
569,279,1.679,48.2,0.099,9,
570,262,1.68,48.2,0.099,6,
571,277,1.669,48.2,0.099,9,
572,259,1.677,48.2,0.099,5,
573,257,1.677,48.2,0.099,6,
574,267,1.677,48.2,0.099,6,
575,266,1.669,48.2,0.099,7,
576,263,1.683,48.2,0.099,6,
577,266,1.683,48.2,0.099,5,
578,263,1.683,48.2,0.099,6,
579,260,1.684,48.2,0.099,5,
580,264,1.685,48.4,0.099,6,
581,255,1.689,48.4,0.099,4,
582,249,1.689,48.4,0.099,1,
583,251,1.7,48.4,0.099,1,
584,252,1.689,48.4,0.099,2,
585,260,1.689,48.4,0.099,3,
586,243,1.69,48.4,0.099,0,
587,247,1.686,48.4,0.099,0,
588,241,1.7,48.4,0.099,0,
589,252,1.7,48.4,0.099,1,
590,247,1.698,48.4,0.099,0,
591,245,1.701,48.4,0.099,0,
592,251,1.681,48.4,0.099,2,
593,236,1.678,48.4,0.099,0,
594,249,1.677,48.4,0.099,2,
595,236,1.669,48.4,0.099,1,
596,242,1.678,48.4,0.099,0,
597,238,1.669,48.4,0.099,1,
598,234,1.678,48.4,0.099,0,
599,237,1.669,48.4,0.099,1,
600,229,1.669,48.4,0.099,1,
601,240,1.678,48.4,0.099,1,
602,232,1.679,48.4,0.099,0,
603,244,1.689,48.4,0.099,0,
604,227,1.689,48.4,0.099,0,
605,229,1.689,48.4,0.099,0,
606,231,1.69,48.4,0.099,0,
607,226,1.69,48.4,0.099,0,
608,235,1.69,48.4,0.099,0,
609,227,1.699,48.4,0.099,0,
610,230,1.699,48.4,0.099,0,
611,225,1.699,48.4,0.099,0,
612,218,1.699,48.4,0.099,0,
613,219,1.7,48.4,0.099,0,
614,221,1.7,48.4,0.099,0,
615,227,1.701,48.4,0.099,0,
616,218,1.687,48.4,0.099,0,
617,222,1.688,48.4,0.099,0,
618,227,1.688,48.4,0.099,0,
619,213,1.688,48.4,0.099,0,
620,219,1.661,48.4,0.099,1,
621,221,1.666,48.4,0.098,1,
622,210,1.666,48.4,0.098,1,
623,219,1.666,48.4,0.098,1,
624,213,1.653,48.4,0.098,1,
625,215,1.685,48.4,0.098,0,
626,211,1.685,48.4,0.098,0,
627,215,1.686,48.4,0.098,0,
628,206,1.7,48.4,0.098,0,
629,210,1.678,48.4,0.098,0,
630,207,1.679,48.4,0.098,0,
631,217,1.673,48.4,0.098,0,
632,280,1.688,48.4,0.098,10,
633,213,1.688,48.4,0.098,0,
634,280,1.689,48.4,0.098,9,
635,210,1.688,48.4,0.098,0,
636,277,1.672,48.4,0.098,10,
637,208,1.672,48.4,0.098,0,
638,278,1.677,48.4,0.098,9,
639,209,1.678,48.4,0.098,0,
640,206,1.682,48.4,0.098,0,
641,278,1.679,48.4,0.098,7,
642,274,1.679,48.4,0.098,7,
643,201,1.676,48.4,0.098,0,
644,273,1.676,48.4,0.098,10,
645,278,1.679,48.4,0.098,7,
646,270,1.678,48.4,0.098,7,
647,268,1.7,48.4,0.098,4,
648,263,1.7,48.4,0.098,3,
649,277,1.702,48.4,0.098,7,
650,268,1.68,48.4,0.098,6,
651,266,1.681,48.4,0.098,6,
652,276,1.679,48.4,0.098,7,
653,261,1.679,48.4,0.098,6,
654,273,1.686,48.4,0.098,8,
655,262,1.686,48.4,0.098,4,
656,254,1.698,48.4,0.098,2,
657,267,1.699,48.4,0.098,4,
658,270,1.699,48.4,0.098,5,
659,251,1.67,48.4,0.098,3,
660,264,1.684,48.4,0.098,5,
661,267,1.688,48.4,0.098,5,
662,253,1.688,48.4,0.098,2,
663,250,1.688,48.4,0.098,2,
664,256,1.688,48.4,0.098,4,
665,247,1.651,48.4,0.098,1,
666,263,1.651,48.4,0.098,7,
667,244,1.682,48.4,0.098,0,
668,255,1.687,48.4,0.098,4,
669,251,1.683,48.4,0.098,3,
670,244,1.668,48.4,0.098,1,
671,256,1.668,48.4,0.098,5,
672,257,1.678,48.4,0.098,5,
673,242,1.699,48.4,0.098,0,
674,247,1.681,48.4,0.098,1,
675,245,1.681,48.4,0.098,1,
676,234,1.681,48.4,0.098,0,
677,238,1.694,48.4,0.098,0,
678,241,1.681,48.4,0.098,0,
679,232,1.681,48.4,0.098,0,
680,238,1.682,48.4,0.098,0,
681,233,1.682,48.4,0.098,0,
682,240,1.669,48.4,0.098,1,
683,237,1.669,48.4,0.098,2,
684,239,1.669,48.4,0.098,1,
685,239,1.699,48.4,0.098,0,
686,224,1.699,48.4,0.098,0,
687,240,1.699,48.4,0.098,0,
688,228,1.69,48.4,0.098,0,
689,223,1.684,48.4,0.098,0,
690,221,1.684,48.4,0.098,0,
691,221,1.683,48.4,0.098,0,
692,227,1.683,48.4,0.098,0,
693,228,1.69,48.4,0.098,0,
694,219,1.69,48.4,0.098,0,
695,225,1.691,48.4,0.098,0,
696,227,1.691,48.4,0.098,0,
697,230,1.691,48.4,0.098,0,
698,231,1.691,48.4,0.098,0,
699,225,1.691,48.4,0.098,0,
700,213,1.679,48.4,0.098,0,
701,213,1.699,48.4,0.098,0,
702,217,1.699,48.4,0.098,0,
703,220,1.699,48.4,0.098,0,
704,225,1.698,48.4,0.098,0,
705,216,1.699,48.4,0.098,0,
706,210,1.699,48.4,0.098,0,
707,214,1.699,48.4,0.098,0,
708,208,1.702,48.4,0.098,0,
709,209,1.688,48.4,0.098,0,
710,207,1.687,48.4,0.098,0,
711,280,1.687,48.4,0.098,10,
712,279,1.687,48.4,0.098,8,
713,210,1.687,48.4,0.098,0,
714,204,1.69,48.4,0.098,0,
715,278,1.695,48.4,0.098,9,
716,275,1.685,48.4,0.098,7,
717,274,1.682,48.4,0.098,8,
718,209,1.691,48.4,0.098,0,
719,201,1.679,48.4,0.098,0,
720,202,1.679,48.4,0.098,0,
721,276,1.679,48.4,0.098,7,
722,276,1.679,48.4,0.098,8,
723,271,1.679,48.4,0.098,8,
724,268,1.679,48.4,0.098,6,
725,274,1.699,48.4,0.098,9,
726,279,1.699,48.4,0.098,8,
727,271,1.699,48.4,0.098,7,
728,267,1.699,48.4,0.098,4,
729,269,1.692,48.4,0.098,6,
730,279,1.699,48.4,0.098,8,
731,261,1.689,48.4,0.098,5,
732,274,1.689,48.4,0.098,7,
733,269,1.691,48.4,0.098,5,
734,274,1.687,48.4,0.098,8,
735,257,1.687,48.4,0.098,4,
736,257,1.687,48.4,0.098,5,
737,254,1.687,48.4,0.098,4,
738,265,1.687,48.4,0.098,5,
739,257,1.687,48.4,0.098,4,
740,254,1.688,48.4,0.098,3,
741,253,1.688,48.4,0.098,2,
742,267,1.688,48.4,0.098,5,
743,264,1.688,48.4,0.098,4,
744,263,1.688,48.4,0.098,5,
745,264,1.689,48.4,0.098,3,
746,263,1.689,48.4,0.098,6,
747,254,1.691,48.4,0.098,3,
748,258,1.687,48.4,0.098,5,
749,253,1.687,48.4,0.098,2,
750,259,1.687,48.4,0.098,4,
751,256,1.681,48.4,0.098,4,
752,253,1.681,48.4,0.098,2,
753,254,1.681,48.4,0.098,4,
754,252,1.687,48.4,0.098,3,
755,238,1.687,48.4,0.098,0,
756,246,1.681,48.4,0.098,1,
757,243,1.687,48.4,0.098,0,
758,233,1.687,48.4,0.098,0,
759,245,1.678,48.4,0.098,1,
760,232,1.678,48.4,0.098,0,
761,232,1.678,48.4,0.098,0,
762,242,1.678,48.4,0.098,1,
763,246,1.678,48.4,0.098,1,
764,239,1.678,48.4,0.098,0,
765,236,1.678,48.4,0.098,0,
766,228,1.678,48.4,0.098,0,
767,241,1.678,48.4,0.098,1,
768,241,1.678,48.4,0.098,1,
769,229,1.678,48.4,0.098,0,
770,225,1.678,48.4,0.098,0,
771,234,1.678,48.4,0.098,0,
772,233,1.678,48.4,0.098,0,
773,230,1.678,48.4,0.098,1,
774,220,1.678,48.4,0.098,0,
775,228,1.678,48.4,0.098,0,
776,231,1.678,48.4,0.098,0,
777,225,1.67,48.4,0.098,1,
778,225,1.678,48.4,0.098,0,
779,231,1.688,48.4,0.098,0,
780,219,1.687,48.4,0.098,0,
781,214,1.687,48.4,0.098,0,
782,217,1.679,48.4,0.098,0,
783,219,1.679,48.4,0.098,0,
784,220,1.679,48.4,0.098,0,
785,207,1.679,48.4,0.098,0,
786,217,1.678,48.4,0.098,0,
787,208,1.689,48.4,0.098,0,
788,212,1.689,48.4,0.098,0,
789,214,1.69,48.4,0.098,0,
790,202,1.687,48.4,0.098,0,
791,217,1.687,48.4,0.098,0,
792,211,1.687,48.4,0.098,0,
793,206,1.687,48.4,0.098,0,
794,279,1.687,48.4,0.098,7,
795,202,1.688,48.4,0.098,0,
796,202,1.687,48.4,0.098,0,
797,204,1.69,48.4,0.098,0,
798,210,1.687,48.4,0.098,0,
799,201,1.685,48.4,0.098,0,
800,201,1.693,48.4,0.098,0,
801,200,1.694,48.4,0.098,0,
802,208,1.689,48.4,0.098,0,
803,274,1.689,48.4,0.098,8,
804,205,1.69,48.4,0.098,0,
805,274,1.689,48.4,0.098,7,
806,266,1.689,48.4,0.098,5,
807,277,1.689,48.4,0.098,7,
808,266,1.69,48.4,0.098,4,
809,201,1.69,48.4,0.098,0,
810,274,1.689,48.4,0.098,6,
811,262,1.689,48.4,0.098,4,
812,263,1.689,48.4,0.098,5,
813,277,1.69,48.4,0.098,6,
814,260,1.69,48.4,0.098,3,
815,260,1.69,48.4,0.098,3,
816,266,1.69,48.4,0.098,3,
817,265,1.661,48.4,0.098,7,
818,271,1.678,48.4,0.098,8,
819,270,1.684,48.4,0.098,6,
820,252,1.674,48.4,0.098,3,
821,261,1.685,48.4,0.098,5,
822,258,1.685,48.4,0.098,5,
823,262,1.678,48.4,0.098,6,
824,253,1.678,48.4,0.098,3,
825,261,1.678,48.4,0.098,6,
826,258,1.684,48.4,0.098,5,
827,247,1.684,48.4,0.098,0,
828,261,1.684,48.4,0.098,5,
829,259,1.684,48.4,0.098,5,
830,243,1.684,48.4,0.098,0,
831,250,1.691,48.4,0.098,2,
832,249,1.692,48.4,0.098,0,
833,239,1.69,48.4,0.098,0,
834,250,1.69,48.4,0.098,2,
835,239,1.684,48.4,0.098,0,
836,237,1.684,48.4,0.098,0,
837,240,1.679,48.4,0.098,0,
838,252,1.679,48.4,0.098,4,
839,238,1.678,48.4,0.098,0,
840,242,1.674,48.4,0.098,1,
841,239,1.675,48.4,0.098,1,
842,247,1.687,48.4,0.098,0,
843,233,1.681,48.4,0.098,0,
844,245,1.692,48.4,0.098,0,
845,243,1.692,48.4,0.098,0,
846,245,1.683,48.4,0.098,1,
847,238,1.683,48.4,0.098,0,
848,227,1.69,48.4,0.098,0,
849,231,1.682,48.4,0.098,0,
850,228,1.682,48.4,0.098,0,
851,233,1.682,48.4,0.098,0,
852,239,1.682,48.4,0.098,0,
853,234,1.685,48.4,0.098,0,
854,227,1.684,48.4,0.098,0,
855,233,1.676,48.4,0.098,0,
856,226,1.678,48.4,0.098,0,
857,219,1.684,48.4,0.098,0,
858,216,1.698,48.4,0.098,0,
859,215,1.698,48.4,0.098,0,
860,215,1.685,48.4,0.098,0,
861,219,1.685,48.4,0.098,0,
862,211,1.676,48.4,0.098,0,
863,228,1.678,48.4,0.098,0,
864,222,1.677,48.4,0.098,0,
865,210,1.676,48.4,0.098,0,
866,221,1.676,48.4,0.098,0,
867,206,1.678,48.4,0.098,0,
868,212,1.677,48.4,0.098,0,
869,222,1.691,48.4,0.098,0,
870,207,1.691,48.4,0.098,0,
871,218,1.691,48.4,0.098,0,
872,219,1.69,48.4,0.098,0,
873,209,1.69,48.4,0.098,0,
874,217,1.687,48.4,0.098,0,
875,203,1.683,48.4,0.098,0,
876,209,1.667,48.4,0.098,1,
877,278,1.683,48.4,0.098,8,
878,203,1.699,48.4,0.098,0,
879,211,1.698,48.4,0.098,0,
880,210,1.698,48.4,0.098,0,
881,209,1.698,48.4,0.098,0,
882,202,1.679,48.4,0.098,0,
883,203,1.678,48.4,0.098,0,
884,272,1.689,48.4,0.098,7,
885,276,1.695,48.4,0.098,6,
886,200,1.69,48.4,0.098,0,
887,271,1.69,48.4,0.098,7,
888,265,1.69,48.4,0.098,5,
889,264,1.69,48.4,0.098,4,
890,273,1.688,48.4,0.098,7,
891,276,1.677,48.4,0.098,8,
892,275,1.678,48.4,0.098,9,
893,274,1.678,48.4,0.098,8,
894,277,1.688,48.4,0.098,7,
895,276,1.667,48.4,0.098,10,
896,259,1.667,48.4,0.098,5,
897,272,1.67,48.4,0.098,8,
898,256,1.671,48.4,0.098,5,
899,270,1.668,48.4,0.098,7,
900,264,1.668,48.4,0.098,6,
901,260,1.667,48.4,0.098,5,
902,257,1.667,48.4,0.098,5,
903,253,1.667,48.4,0.098,3,
904,267,1.667,48.4,0.098,7,
905,260,1.667,48.4,0.098,6,
906,262,1.667,48.4,0.098,6,
907,261,1.668,48.4,0.098,6,
908,260,1.679,48.4,0.098,5,
909,247,1.668,48.4,0.098,1,
910,256,1.669,48.4,0.098,5,
911,248,1.67,48.4,0.098,2,
912,257,1.669,48.4,0.098,5,
913,256,1.678,48.4,0.098,5,
914,243,1.681,48.4,0.098,0,
915,246,1.693,48.4,0.098,0,
916,244,1.693,48.4,0.098,0,
917,241,1.694,48.4,0.098,0,
918,241,1.694,48.4,0.098,0,
919,236,1.695,48.4,0.098,0,
920,250,1.695,48.4,0.098,2,
921,234,1.695,48.4,0.098,0,
922,249,1.696,48.4,0.098,0,
923,232,1.696,48.4,0.098,0,
924,232,1.699,48.4,0.098,0,
925,233,1.699,48.4,0.098,0,
926,242,1.699,48.4,0.098,0,
927,240,1.7,48.4,0.098,0,
928,234,1.7,48.4,0.098,0,
929,226,1.7,48.4,0.098,0,
930,232,1.701,48.4,0.098,0,
931,230,1.7,48.4,0.098,0,
932,227,1.699,48.4,0.098,0,
933,236,1.702,48.4,0.098,0,
934,222,1.702,48.4,0.098,0,
935,231,1.702,48.4,0.098,0,
936,225,1.695,48.4,0.098,0,
937,230,1.685,48.4,0.098,0,
938,225,1.685,48.4,0.098,0,
939,222,1.685,48.4,0.098,0,
940,231,1.686,48.4,0.098,0,
941,225,1.685,48.4,0.098,0,
942,223,1.692,48.4,0.098,0,
943,217,1.693,48.4,0.098,0,
944,213,1.686,48.4,0.098,0,
945,214,1.686,48.4,0.098,0,
946,208,1.688,48.4,0.098,0,
947,222,1.688,48.4,0.098,0,
948,224,1.688,48.4,0.098,0,
949,217,1.689,48.4,0.098,0,
950,213,1.689,48.4,0.098,0,
951,218,1.687,48.4,0.098,0,
952,206,1.687,48.4,0.098,0,
953,205,1.688,48.4,0.098,0,
954,214,1.688,48.4,0.098,0,
955,203,1.687,48.4,0.098,0,
956,200,1.687,48.4,0.098,0,
957,202,1.687,48.4,0.098,0,
958,203,1.688,48.4,0.098,0,
959,209,1.688,48.4,0.098,0,
960,276,1.688,47.9,0.098,7,
961,274,1.688,47.9,0.098,6,
962,274,1.689,47.9,0.098,7,
963,273,1.689,47.9,0.098,8,
964,201,1.691,47.9,0.098,0,
965,205,1.689,47.9,0.098,0,
966,275,1.689,47.9,0.098,8,
967,204,1.689,47.9,0.098,0,
968,203,1.689,47.9,0.098,0,
969,280,1.689,47.9,0.098,9,
970,273,1.689,47.9,0.098,7,
971,200,1.688,47.9,0.1,0,
972,267,1.688,47.9,0.1,5,
973,279,1.688,47.9,0.1,8,
974,268,1.688,47.9,0.1,5,
975,271,1.678,47.9,0.1,8,
976,275,1.678,47.9,0.1,9,
977,261,1.678,47.9,0.1,6,
978,258,1.685,47.9,0.1,4,
979,260,1.689,47.9,0.1,4,
980,262,1.69,47.9,0.1,3,
981,259,1.694,47.9,0.1,4,
982,254,1.694,47.9,0.1,2,
983,267,1.689,47.9,0.1,6,
984,259,1.689,47.9,0.1,4,
985,255,1.695,47.9,0.1,2,
986,254,1.696,47.9,0.1,2,
987,253,1.689,47.9,0.1,2,
988,252,1.689,47.9,0.1,2,
989,246,1.678,47.9,0.1,2,
990,251,1.678,47.9,0.1,2,
991,246,1.678,47.9,0.1,2,
992,249,1.678,47.9,0.1,2,
993,256,1.678,47.9,0.1,5,
994,259,1.678,47.9,0.1,6,
995,241,1.69,47.9,0.1,0,
996,238,1.687,47.9,0.1,0,
997,245,1.687,47.9,0.1,0,
998,236,1.687,47.9,0.1,0,
999,236,1.687,47.9,0.1,0,
1000,242,1.693,47.9,0.1,0,
1001,249,1.695,47.9,0.1,0,
1002,249,1.696,47.9,0.1,0,
1003,240,1.693,47.9,0.1,0,
1004,246,1.697,47.9,0.1,0,
1005,246,1.679,47.9,0.1,1,
1006,237,1.684,47.9,0.1,0,
1007,227,1.689,47.9,0.1,0,
1008,244,1.689,47.9,0.1,0,
1009,243,1.689,47.9,0.1,0,
1010,235,1.689,47.9,0.1,0,
1011,224,1.689,47.9,0.1,0,
1012,228,1.689,47.9,0.1,0,
1013,237,1.699,47.9,0.1,0,
1014,238,1.699,47.9,0.1,0,
1015,237,1.699,47.9,0.1,0,
1016,219,1.689,47.9,0.1,0,
1017,223,1.701,47.9,0.1,0,
1018,231,1.702,47.9,0.1,0,
1019,229,1.702,47.9,0.1,0,
1020,224,1.702,47.9,0.1,0,
1021,215,1.702,47.9,0.1,0,
1022,213,1.68,47.9,0.1,0,
1023,224,1.679,47.9,0.1,0,
1024,226,1.69,47.9,0.1,0,
1025,221,1.689,47.9,0.1,0,
1026,218,1.689,47.9,0.1,0,
1027,208,1.689,47.9,0.1,0,
1028,210,1.689,47.9,0.1,0,
1029,224,1.689,47.9,0.1,0,
1030,205,1.689,47.9,0.1,0,
1031,216,1.694,47.9,0.1,0,
1032,212,1.687,47.9,0.1,0,
1033,215,1.687,47.9,0.1,0,
1034,210,1.687,47.9,0.1,0,
1035,201,1.692,47.9,0.1,0,
1036,201,1.693,47.9,0.1,0,
1037,209,1.693,47.9,0.1,0,
1038,201,1.694,47.9,0.1,0,
1039,279,1.694,47.9,0.1,8,
1040,210,1.695,47.9,0.1,0,
1041,209,1.689,47.9,0.1,0,
1042,211,1.689,47.9,0.1,0,
1043,203,1.689,47.9,0.1,0,
1044,200,1.701,47.9,0.1,0,
1045,272,1.69,47.9,0.1,6,
1046,206,1.69,47.9,0.1,0,
1047,202,1.688,47.9,0.1,0,
1048,278,1.688,47.9,0.1,6,
1049,275,1.689,47.9,0.1,8,
1050,270,1.688,47.9,0.1,7,
1051,270,1.689,47.9,0.1,6,
1052,276,1.701,47.9,0.1,6,
1053,270,1.702,47.9,0.1,5,
1054,266,1.694,47.9,0.1,4,
1055,277,1.687,47.9,0.1,8,
1056,278,1.687,47.9,0.1,7,
1057,265,1.688,47.9,0.1,5,
1058,259,1.693,47.9,0.1,3,
1059,267,1.694,47.9,0.1,4,
1060,257,1.694,47.9,0.1,3,
1061,255,1.695,47.9,0.1,2,
1062,271,1.693,47.9,0.1,6,
1063,255,1.698,47.9,0.1,1,
1064,257,1.689,47.9,0.1,5,
1065,263,1.698,47.9,0.1,3,
1066,251,1.693,47.9,0.1,2,
1067,266,1.685,47.9,0.1,5,
1068,255,1.685,47.9,0.1,5,
1069,249,1.698,47.9,0.1,0,
1070,245,1.698,47.9,0.1,0,
1071,248,1.699,47.9,0.1,0,
1072,245,1.69,47.9,0.1,0,
1073,258,1.69,47.9,0.1,5,
1074,246,1.698,47.9,0.1,0,
1075,242,1.698,47.9,0.1,0,
1076,252,1.698,47.9,0.1,1,
1077,251,1.677,47.9,0.1,2,
1078,247,1.677,47.9,0.1,0,
1079,242,1.678,47.9,0.1,1,
1080,254,1.692,47.9,0.1,2,
1081,252,1.685,47.9,0.1,2,
1082,240,1.697,47.9,0.1,0,
1083,235,1.68,47.9,0.1,0,
1084,244,1.677,47.9,0.1,1,
1085,235,1.688,47.9,0.1,0,
1086,234,1.689,47.9,0.1,0,
1087,241,1.677,47.9,0.1,1,
1088,231,1.678,47.9,0.1,0,
1089,240,1.678,47.9,0.1,1,
1090,226,1.679,47.9,0.1,0,
1091,234,1.68,47.9,0.1,0,
1092,224,1.681,47.9,0.1,0,
1093,230,1.682,47.9,0.1,0,
1094,228,1.696,47.9,0.1,0,
1095,226,1.697,47.9,0.1,0,
1096,234,1.681,47.9,0.1,0,
1097,236,1.694,47.9,0.1,0,
1098,236,1.694,47.9,0.1,0,
1099,234,1.694,47.9,0.1,0,
1100,230,1.693,47.9,0.1,0,
1101,220,1.678,47.9,0.1,0,
1102,224,1.695,47.9,0.1,0,
1103,214,1.683,47.9,0.1,0,
1104,214,1.69,47.9,0.1,0,
1105,226,1.695,47.9,0.1,0,
1106,215,1.699,47.9,0.1,0,
1107,220,1.689,47.9,0.1,0,
1108,210,1.693,47.9,0.1,0,
1109,224,1.69,47.9,0.1,0,
1110,208,1.7,47.9,0.1,0,
1111,205,1.692,47.9,0.1,0,
1112,203,1.692,47.9,0.1,0,
1113,205,1.699,47.9,0.1,0,
1114,216,1.699,47.9,0.1,0,
1115,201,1.699,47.9,0.1,0,
1116,201,1.698,47.9,0.1,0,
1117,215,1.699,47.9,0.1,0,
1118,203,1.699,47.9,0.1,0,
1119,204,1.698,47.9,0.1,0,
1120,203,1.699,47.9,0.1,0,
1121,203,1.698,47.9,0.1,0,
1122,207,1.698,47.9,0.1,0,
1123,274,1.698,47.9,0.1,9,
1124,208,1.698,47.9,0.1,0,
1125,271,1.698,47.9,0.1,6,
1126,280,1.698,47.9,0.1,9,
1127,269,1.698,47.9,0.1,4,
1128,275,1.698,47.9,0.1,6,
1129,205,1.698,47.9,0.1,0,
1130,274,1.698,47.9,0.1,9,
1131,266,1.698,47.9,0.1,4,
1132,278,1.698,47.9,0.1,7,
1133,201,1.698,47.9,0.1,0,
1134,264,1.698,47.9,0.1,3,
1135,270,1.698,47.9,0.1,5,
1136,268,1.698,47.9,0.1,3,
1137,262,1.698,47.9,0.1,3,
1138,264,1.701,47.9,0.1,3,
1139,268,1.701,47.9,0.1,3,
1140,270,1.7,47.9,0.1,5,
1141,271,1.7,47.9,0.1,6,
1142,263,1.699,47.9,0.1,3,
1143,253,1.699,47.9,0.1,1,
1144,267,1.692,47.9,0.1,4,
1145,251,1.701,47.9,0.1,1,
1146,252,1.7,47.9,0.1,1,
1147,261,1.698,47.9,0.1,3,
1148,257,1.688,47.9,0.1,5,
1149,253,1.687,47.9,0.1,3,
1150,247,1.687,47.9,0.1,0,
1151,261,1.687,47.9,0.1,5,
1152,249,1.687,47.9,0.1,1,
1153,247,1.687,47.9,0.1,0,
1154,246,1.689,47.9,0.1,0,
1155,242,1.689,47.9,0.1,0,
1156,253,1.688,47.9,0.1,2,
1157,250,1.688,47.9,0.1,2,
1158,242,1.688,47.9,0.1,0,
1159,252,1.688,47.9,0.1,2,
1160,249,1.688,47.9,0.1,1,
1161,243,1.688,47.9,0.1,0,
1162,240,1.688,47.9,0.1,0,
1163,233,1.688,47.9,0.1,0,
1164,248,1.688,47.9,0.1,1,
1165,240,1.688,47.9,0.1,0,
1166,235,1.678,47.9,0.1,0,
1167,248,1.696,47.9,0.1,0,
1168,234,1.698,47.9,0.1,0,
1169,246,1.678,47.9,0.1,1,
1170,235,1.679,47.9,0.1,0,
1171,233,1.688,47.9,0.1,0,
1172,234,1.689,47.9,0.1,0,
1173,233,1.702,47.9,0.1,0,
1174,229,1.702,47.9,0.1,0,
1175,222,1.702,47.9,0.1,0,
1176,220,1.696,47.9,0.1,0,
1177,224,1.697,47.9,0.1,0,
1178,231,1.693,47.9,0.1,0,
1179,218,1.701,47.9,0.1,0,
1180,222,1.684,47.9,0.1,0,
1181,221,1.684,47.9,0.1,0,
1182,222,1.685,47.9,0.1,0,
1183,223,1.686,47.9,0.1,0,
1184,225,1.686,47.9,0.1,0,
1185,216,1.69,47.9,0.1,0,
1186,223,1.689,47.9,0.1,0,
1187,228,1.691,47.9,0.1,0,
1188,226,1.691,47.9,0.1,0,
1189,225,1.688,47.9,0.1,0,
1190,221,1.682,47.9,0.1,0,
1191,215,1.682,47.9,0.1,0,
1192,219,1.682,47.9,0.1,0,
1193,204,1.686,47.9,0.1,0,
1194,217,1.698,47.9,0.1,0,
1195,205,1.698,47.9,0.1,0,
1196,207,1.698,47.9,0.1,0,
1197,215,1.688,47.9,0.1,0,
1198,213,1.682,47.9,0.1,0,
1199,211,1.687,47.9,0.1,0,
1200,215,1.686,47.9,0.1,0,
1201,207,1.686,47.9,0.1,0,
1202,203,1.684,47.9,0.1,0,
1203,211,1.684,47.9,0.1,0,
1204,280,1.699,47.9,0.1,9,
1205,200,1.699,48.5,0.1,0,
1206,200,1.699,48.5,0.1,0,
1207,279,1.698,48.5,0.1,6,
1208,200,1.703,48.5,0.1,0,
1209,206,1.698,48.5,0.1,0,
1210,273,1.698,48.5,0.1,8,
1211,204,1.699,48.5,0.1,0,
1212,266,1.694,48.5,0.1,3,
1213,200,1.685,48.5,0.1,0,
1214,265,1.698,48.5,0.1,3,
1215,276,1.699,48.5,0.1,7,
1216,266,1.699,48.5,0.1,4,
1217,264,1.7,48.5,0.1,3,
1218,263,1.7,48.5,0.1,3,
1219,275,1.695,48.5,0.1,7,
1220,259,1.698,48.5,0.1,4,
1221,256,1.692,48.5,0.1,3,
1222,265,1.685,48.5,0.1,6,
1223,264,1.691,48.5,0.1,4,
1224,270,1.69,48.5,0.1,6,
1225,258,1.693,48.5,0.1,3,
1226,270,1.693,48.5,0.1,6,
1227,268,1.693,48.5,0.1,3,
1228,259,1.69,48.5,0.1,4,
1229,262,1.691,48.5,0.1,4,
1230,257,1.688,48.5,0.1,4,
1231,262,1.688,48.5,0.1,4,
1232,259,1.692,48.5,0.1,4,
1233,246,1.692,48.5,0.1,0,
1234,244,1.693,48.5,0.1,0,
1235,259,1.693,48.5,0.1,4,
1236,245,1.693,48.5,0.1,0,
1237,249,1.696,48.5,0.1,0,
1238,246,1.687,48.5,0.1,0,
1239,242,1.688,48.5,0.1,0,
1240,255,1.698,48.5,0.1,1,
1241,241,1.698,48.5,0.1,0,
1242,245,1.699,48.5,0.1,0,
1243,243,1.698,48.5,0.1,0,
1244,244,1.699,48.5,0.1,0,
1245,242,1.698,48.5,0.1,0,
1246,231,1.699,48.5,0.1,0,
1247,231,1.699,48.5,0.1,0,
1248,232,1.698,48.5,0.1,0,
1249,239,1.698,48.5,0.1,0,
1250,245,1.703,48.5,0.1,0,
1251,243,1.698,48.5,0.1,0,
1252,237,1.698,48.5,0.1,0,
1253,228,1.698,48.5,0.1,0,
1254,225,1.698,48.5,0.1,0,
1255,240,1.698,48.5,0.1,0,
1256,238,1.699,48.5,0.1,0,
1257,229,1.698,48.5,0.1,0,
1258,233,1.687,48.5,0.1,0,
1259,225,1.701,48.5,0.1,0,
1260,220,1.7,48.5,0.1,0,
1261,227,1.7,48.5,0.1,0,
1262,220,1.699,48.5,0.1,0,
1263,227,1.701,48.5,0.1,0,
1264,215,1.701,48.5,0.1,0,
1265,222,1.703,48.5,0.1,0,
1266,224,1.703,48.5,0.1,0,
1267,210,1.699,48.5,0.1,0,
1268,224,1.699,48.5,0.1,0,
1269,219,1.701,48.5,0.1,0,
1270,216,1.701,48.5,0.1,0,
1271,216,1.702,48.5,0.1,0,
1272,215,1.702,48.5,0.1,0,
1273,215,1.701,48.5,0.1,0,
1274,218,1.701,48.5,0.1,0,
1275,205,1.699,48.5,0.1,0,
1276,218,1.698,48.5,0.1,0,
1277,206,1.7,48.5,0.1,0,
1278,205,1.699,48.5,0.1,0,
1279,206,1.7,48.5,0.1,0,
1280,278,1.699,48.5,0.1,6,
1281,202,1.682,48.5,0.1,0,
1282,202,1.682,48.5,0.1,0,
1283,207,1.683,48.5,0.1,0,
1284,200,1.681,48.5,0.1,0,
1285,200,1.681,48.5,0.1,0,
1286,210,1.68,48.5,0.1,0,
1287,279,1.698,48.5,0.1,8,
1288,274,1.687,48.5,0.1,8,
1289,200,1.686,48.5,0.1,0,
1290,280,1.679,48.5,0.1,11,
1291,203,1.687,48.5,0.1,0,
1292,280,1.687,48.5,0.1,10,
1293,200,1.698,48.5,0.1,0,
1294,202,1.698,48.5,0.1,0,
1295,266,1.698,48.5,0.1,4,
1296,272,1.693,48.5,0.1,7,
1297,271,1.688,48.5,0.1,7,
1298,260,1.689,48.5,0.1,4,
1299,275,1.688,48.5,0.1,7,
1300,259,1.688,48.5,0.1,4,
1301,265,1.69,48.5,0.1,6,
1302,274,1.698,48.5,0.1,8,
1303,255,1.686,48.5,0.1,4,
1304,267,1.691,48.5,0.1,5,
1305,258,1.692,48.5,0.1,5,
1306,261,1.69,48.5,0.1,5,
1307,265,1.691,48.5,0.1,5,
1308,262,1.691,48.5,0.1,5,
1309,260,1.688,48.5,0.1,4,
1310,253,1.688,48.5,0.1,2,
1311,255,1.692,48.5,0.1,2,
1312,262,1.692,48.5,0.1,4,
1313,250,1.697,48.5,0.1,1,
1314,261,1.696,48.5,0.1,3,
1315,260,1.697,48.5,0.1,3,
1316,248,1.698,48.5,0.1,0,
1317,242,1.698,48.5,0.1,0,
1318,256,1.698,48.5,0.1,2,
1319,251,1.697,48.5,0.1,2,
1320,241,1.698,48.5,0.1,0,
1321,253,1.698,48.5,0.1,1,
1322,253,1.698,48.5,0.1,1,
1323,236,1.685,48.5,0.1,0,
1324,242,1.698,48.5,0.1,0,
1325,239,1.691,48.5,0.1,0,
1326,240,1.693,48.5,0.1,0,
1327,247,1.691,48.5,0.1,0,
1328,245,1.701,48.5,0.1,0,
1329,236,1.703,48.5,0.1,0,
1330,242,1.691,48.5,0.1,0,
1331,231,1.691,48.5,0.1,0,
1332,235,1.691,48.5,0.1,0,
1333,240,1.703,48.5,0.1,0,
1334,238,1.703,48.5,0.1,0,
1335,241,1.703,48.5,0.1,0,
1336,241,1.691,48.5,0.1,0,
1337,235,1.7,48.5,0.1,0,
1338,226,1.699,48.5,0.1,0,
1339,220,1.692,48.5,0.1,0,
1340,237,1.698,48.5,0.1,0,
1341,225,1.692,48.5,0.1,0,
1342,224,1.694,48.5,0.1,0,
1343,227,1.692,48.5,0.1,0,
1344,223,1.692,48.5,0.1,0,
1345,227,1.69,48.5,0.1,0,
1346,215,1.692,48.5,0.1,0,
1347,215,1.681,48.5,0.1,0,
1348,222,1.699,48.5,0.1,0,
1349,218,1.674,48.5,0.1,1,
1350,218,1.688,48.5,0.1,0,
1351,212,1.688,48.5,0.1,0,
1352,212,1.687,48.5,0.1,0,
1353,207,1.687,48.5,0.1,0,
1354,223,1.687,48.5,0.1,0,
1355,213,1.687,48.5,0.1,0,
1356,211,1.687,48.5,0.1,0,
1357,215,1.687,48.5,0.1,0,
1358,215,1.686,48.5,0.1,0,
1359,211,1.686,48.5,0.1,0,
1360,210,1.697,48.5,0.1,0,
1361,205,1.686,48.5,0.1,0,
1362,211,1.686,48.5,0.1,0,
1363,202,1.687,48.5,0.1,0,
1364,204,1.689,48.5,0.1,0,
1365,203,1.685,48.5,0.1,0,
1366,277,1.688,48.5,0.1,8,
1367,200,1.684,48.5,0.1,0,
1368,275,1.684,48.5,0.1,8,
1369,273,1.684,48.5,0.1,8,
1370,275,1.684,48.5,0.1,8,
1371,269,1.663,48.5,0.1,7,
1372,201,1.663,48.5,0.1,1,
1373,278,1.663,48.5,0.1,8,
1374,202,1.691,48.5,0.1,0,
1375,277,1.677,48.5,0.1,9,
1376,263,1.689,48.5,0.1,5,
1377,269,1.683,48.5,0.1,6,
1378,275,1.683,48.5,0.1,7,
1379,271,1.683,48.5,0.1,8,
1380,277,1.684,48.5,0.1,7,
1381,274,1.684,48.5,0.1,7,
1382,257,1.683,48.5,0.1,5,
1383,272,1.684,48.5,0.1,7,
1384,259,1.698,48.5,0.1,2,
1385,260,1.698,48.5,0.1,2,
1386,253,1.698,48.5,0.1,1,
1387,269,1.694,48.5,0.1,5,
1388,256,1.694,48.5,0.1,2,
1389,267,1.677,48.5,0.1,6,
1390,268,1.677,48.5,0.1,7,
1391,266,1.689,48.5,0.1,6,
1392,264,1.688,48.5,0.1,4,
1393,260,1.688,48.5,0.1,4,
1394,261,1.688,48.5,0.1,5,
1395,244,1.688,48.5,0.1,0,
1396,249,1.684,48.5,0.1,1,
1397,242,1.684,48.5,0.1,0,
1398,254,1.685,48.5,0.1,4,
1399,257,1.694,48.5,0.1,3,
1400,247,1.683,48.5,0.1,0,
1401,247,1.683,48.5,0.1,0,
1402,240,1.684,48.5,0.1,0,
1403,238,1.69,48.5,0.1,0,
1404,253,1.685,48.5,0.1,2,
1405,242,1.688,48.5,0.1,0,
1406,243,1.688,48.5,0.1,0,
1407,246,1.685,48.5,0.1,1,
1408,232,1.685,48.5,0.1,0,
1409,242,1.694,48.5,0.1,0,
1410,234,1.693,48.5,0.1,0,
1411,243,1.686,48.5,0.1,0,
1412,228,1.701,48.5,0.1,0,
1413,238,1.697,48.5,0.1,0,
1414,239,1.663,48.5,0.1,1,
1415,239,1.663,48.5,0.1,1,
1416,224,1.663,48.5,0.1,1,
1417,238,1.663,48.5,0.1,1,
1418,232,1.698,48.5,0.1,0,
1419,233,1.698,48.5,0.1,0,
1420,233,1.698,48.5,0.1,0,
1421,230,1.699,48.5,0.1,0,
1422,221,1.697,48.5,0.1,0,
1423,222,1.698,48.5,0.1,0,
1424,216,1.698,48.5,0.1,0,
1425,227,1.696,48.5,0.1,0,
1426,226,1.688,48.5,0.1,0,
1427,226,1.689,48.5,0.1,0,
1428,223,1.688,48.5,0.1,0,
1429,220,1.688,48.5,0.1,0,
1430,223,1.688,48.5,0.1,0,
1431,227,1.699,48.5,0.1,0,
1432,222,1.699,48.5,0.1,0,
1433,212,1.699,48.5,0.1,0,
1434,222,1.699,48.5,0.1,0,
1435,206,1.689,48.5,0.1,0,
1436,206,1.689,48.5,0.1,0,
1437,211,1.688,48.5,0.1,0,
1438,210,1.688,48.5,0.1,0,
1439,211,1.688,48.5,0.1,0,
1440,208,1.688,48.5,0.1,0,
1441,201,1.688,48.5,0.1,0,
1442,205,1.688,48.5,0.1,0,
1443,278,1.7,48.5,0.1,7,
1444,279,1.7,48.5,0.1,8,
1445,205,1.689,48.5,0.1,0,
1446,210,1.688,48.5,0.1,0,
1447,275,1.697,48.5,0.1,8,
1448,201,1.696,48.5,0.1,0,
1449,204,1.696,48.5,0.1,0,
1450,200,1.692,48.5,0.1,0,
1451,206,1.7,48.5,0.1,0,
1452,204,1.695,48.5,0.1,0,
1453,268,1.699,48.5,0.1,4,
1454,278,1.692,48.5,0.1,8,
1455,271,1.7,48.5,0.1,6,
1456,273,1.694,48.5,0.1,7,
1457,263,1.699,48.5,0.1,4,
1458,279,1.69,48.5,0.1,9,
1459,279,1.69,48.5,0.1,8,
1460,273,1.69,48.5,0.1,8,
1461,276,1.69,48.5,0.1,7,
1462,269,1.69,48.5,0.1,5,
1463,271,1.682,48.5,0.1,7,
1464,270,1.682,48.5,0.1,7,
1465,266,1.69,48.5,0.1,4,
1466,270,1.69,48.5,0.1,6,
1467,271,1.69,48.5,0.1,7,
1468,262,1.685,48.5,0.1,6,
1469,260,1.689,48.5,0.1,4,
1470,266,1.689,48.5,0.1,5,
1471,259,1.689,48.5,0.1,5,
1472,256,1.69,48.5,0.1,3,
1473,255,1.7,48.5,0.1,1,
1474,251,1.699,48.5,0.1,1,
1475,260,1.684,48.5,0.1,4,
1476,258,1.684,48.5,0.1,4,
1477,247,1.684,48.5,0.1,0,
1478,250,1.684,48.5,0.1,3,
1479,245,1.683,48.5,0.1,0,
1480,240,1.684,48.5,0.1,0,
1481,246,1.686,48.5,0.1,1,
1482,252,1.692,48.5,0.1,1,
1483,252,1.68,48.5,0.1,2,
1484,241,1.693,48.5,0.1,0,
1485,237,1.692,48.5,0.1,0,
1486,247,1.692,48.5,0.1,0,
1487,247,1.679,48.5,0.1,0,
1488,238,1.69,48.5,0.1,0,
1489,247,1.701,48.5,0.1,0,
1490,244,1.679,48.5,0.1,0,
1491,230,1.68,48.5,0.1,0,
1492,243,1.681,48.5,0.1,0,
1493,240,1.68,48.5,0.1,0,
1494,230,1.68,48.5,0.1,0,
1495,242,1.681,48.5,0.1,0,
1496,236,1.693,48.5,0.1,0,
1497,242,1.68,48.5,0.1,0,
1498,232,1.691,48.5,0.1,0,
1499,237,1.681,48.5,0.1,0,
1500,226,1.68,48.5,0.1,0,
1501,231,1.682,48.5,0.1,0,
1502,233,1.688,48.5,0.1,0,
1503,218,1.696,48.5,0.1,0,
1504,217,1.691,48.5,0.1,0,
1505,225,1.691,48.5,0.1,0,
1506,215,1.686,48.5,0.1,0,
1507,215,1.68,48.5,0.1,0,
1508,223,1.692,48.5,0.1,0,
1509,216,1.691,48.5,0.1,0,
1510,229,1.687,48.5,0.1,0,
1511,210,1.686,48.5,0.1,0,
1512,227,1.699,48.5,0.1,0,
1513,208,1.699,48.5,0.1,0,
1514,220,1.699,48.5,0.1,0,
1515,216,1.696,48.5,0.1,0,
1516,215,1.696,48.5,0.1,0,
1517,222,1.702,48.5,0.1,0,
1518,216,1.702,48.5,0.1,0,
1519,215,1.699,48.5,0.1,0,
1520,218,1.698,48.5,0.1,0,
1521,217,1.698,48.5,0.1,0,
1522,201,1.698,48.5,0.1,0,
1523,279,1.699,48.5,0.1,6,
1524,204,1.693,48.5,0.1,0,
1525,204,1.691,48.5,0.1,0,
1526,202,1.698,48.5,0.1,0,
1527,277,1.698,48.5,0.1,8,
1528,209,1.692,48.5,0.1,0,
1529,208,1.688,48.5,0.1,0,
1530,275,1.688,48.5,0.1,9,
1531,279,1.692,48.5,0.1,9,
1532,277,1.692,48.5,0.1,8,
1533,202,1.688,48.5,0.1,0,
1534,275,1.688,48.5,0.1,8,
1535,267,1.691,48.5,0.1,3,
1536,200,1.688,48.5,0.1,0,
1537,274,1.691,48.5,0.1,7,
1538,276,1.691,48.5,0.1,8,
1539,268,1.688,48.5,0.1,5,
1540,273,1.69,48.5,0.1,7,
1541,261,1.688,48.5,0.1,5,
1542,276,1.69,48.5,0.1,9,
1543,258,1.688,48.5,0.1,4,
1544,259,1.69,48.5,0.1,5,
1545,257,1.69,48.5,0.1,3,
1546,271,1.689,48.5,0.1,7,
1547,262,1.684,48.5,0.1,6,
1548,254,1.683,48.5,0.1,4,
1549,264,1.681,48.5,0.1,6,
1550,252,1.681,48.5,0.1,2,
1551,268,1.68,48.5,0.1,7,
1552,250,1.685,48.5,0.1,2,
1553,256,1.685,48.5,0.1,4,
1554,266,1.684,48.5,0.1,6,
1555,247,1.686,48.5,0.1,0,
1556,264,1.696,48.5,0.1,3,
1557,253,1.697,48.5,0.1,1,
1558,243,1.695,48.5,0.1,0,
1559,255,1.697,48.5,0.1,2,
1560,245,1.693,48.5,0.1,0,
1561,249,1.695,48.5,0.1,0,
1562,255,1.695,48.5,0.1,2,
1563,240,1.695,48.5,0.1,0,
1564,241,1.695,48.5,0.104,0,
1565,240,1.698,48.5,0.104,0,
1566,250,1.696,48.5,0.104,2,
1567,243,1.698,48.5,0.104,0,
1568,242,1.698,48.5,0.104,0,
1569,235,1.7,48.5,0.104,0,
1570,247,1.7,48.5,0.104,0,
1571,244,1.698,48.5,0.104,0,
1572,234,1.699,48.5,0.104,0,
1573,228,1.697,48.5,0.104,0,
1574,245,1.689,48.5,0.104,0,
1575,232,1.689,48.5,0.104,0,
1576,232,1.691,48.5,0.104,0,
1577,242,1.689,48.5,0.104,0,
1578,227,1.688,48.5,0.104,0,
1579,224,1.688,48.5,0.104,0,
1580,222,1.688,48.5,0.104,0,
1581,234,1.689,48.5,0.104,0,
1582,221,1.677,48.5,0.104,0,
1583,223,1.688,48.5,0.104,0,
1584,223,1.677,48.5,0.104,0,
1585,219,1.688,48.5,0.104,0,
1586,232,1.688,48.5,0.104,0,
1587,231,1.687,48.5,0.104,0,
1588,231,1.686,48.5,0.104,0,
1589,218,1.692,48.5,0.104,0,
1590,227,1.695,48.5,0.104,0,
1591,222,1.701,48.5,0.104,0,
1592,214,1.702,48.5,0.104,0,
1593,212,1.701,48.5,0.104,0,
1594,222,1.699,48.5,0.104,0,
1595,221,1.698,48.5,0.104,0,
1596,220,1.699,48.5,0.104,0,
1597,212,1.698,48.5,0.104,0,
1598,218,1.698,48.5,0.104,0,
1599,209,1.698,48.5,0.104,0,
1600,202,1.698,48.5,0.104,0,
1601,208,1.698,48.5,0.104,0,
1602,207,1.698,48.5,0.104,0,
1603,201,1.698,48.5,0.104,0,
1604,209,1.683,48.5,0.104,0,
1605,205,1.687,48.5,0.104,0,
1606,206,1.683,48.5,0.104,0,
1607,277,1.686,48.5,0.104,8,
1608,200,1.684,48.5,0.104,0,
1609,207,1.677,48.5,0.104,0,
1610,202,1.685,48.5,0.104,0,
1611,277,1.685,48.5,0.104,8,
1612,208,1.691,48.5,0.104,0,
1613,207,1.692,48.5,0.104,0,
1614,276,1.7,48.5,0.104,7,
1615,269,1.691,48.5,0.104,5,
1616,200,1.702,48.5,0.104,0,
1617,272,1.701,48.5,0.104,6,
1618,275,1.698,48.5,0.104,7,
1619,264,1.697,48.5,0.104,3,
1620,266,1.701,48.5,0.104,4,
1621,274,1.701,48.5,0.104,7,
1622,276,1.689,48.5,0.104,8,
1623,262,1.681,48.5,0.104,5,
1624,271,1.687,48.5,0.104,7,
1625,260,1.692,48.5,0.104,3,
1626,260,1.692,48.5,0.104,3,
1627,262,1.684,48.5,0.104,5,
1628,264,1.686,48.5,0.104,5,
1629,262,1.686,48.5,0.104,5,
1630,252,1.684,48.5,0.104,2,
1631,257,1.693,48.5,0.104,4,
1632,269,1.682,48.5,0.104,6,
1633,268,1.682,48.5,0.104,6,
1634,248,1.681,48.5,0.104,2,
1635,266,1.68,48.5,0.104,6,
1636,264,1.684,48.5,0.104,5,
1637,258,1.699,48.5,0.104,2,
1638,246,1.699,48.5,0.104,0,
1639,244,1.681,48.5,0.104,0,
1640,249,1.681,48.5,0.104,2,
1641,245,1.699,48.5,0.104,0,
1642,248,1.699,48.5,0.104,0,
1643,251,1.7,48.5,0.104,1,
1644,257,1.7,48.5,0.104,2,
1645,238,1.7,48.5,0.104,0,
1646,250,1.7,48.5,0.104,1,
1647,254,1.7,48.5,0.104,1,
1648,240,1.699,48.5,0.104,0,
1649,239,1.7,48.5,0.104,0,
1650,246,1.685,48.5,0.104,1,
1651,250,1.684,48.5,0.104,2,
1652,238,1.685,48.5,0.104,0,
1653,241,1.685,48.5,0.104,0,
1654,228,1.685,48.5,0.104,0,
1655,230,1.685,48.5,0.104,0,
1656,230,1.687,48.5,0.104,0,
1657,230,1.685,48.5,0.104,0,
1658,229,1.685,48.5,0.104,0,
1659,241,1.698,48.5,0.104,0,
1660,223,1.696,48.5,0.104,0,
1661,230,1.696,48.5,0.104,0,
1662,234,1.686,48.5,0.104,0,
1663,230,1.685,48.5,0.104,0,
1664,226,1.689,48.5,0.104,0,
1665,221,1.687,48.5,0.104,0,
1666,235,1.687,48.5,0.104,0,
1667,223,1.702,48.5,0.104,0,
1668,227,1.693,48.5,0.104,0,
1669,214,1.689,48.5,0.104,0,
1670,221,1.692,48.5,0.104,0,
1671,217,1.699,48.5,0.104,0,
1672,218,1.699,48.5,0.104,0,
1673,212,1.7,48.5,0.104,0,
1674,213,1.7,48.5,0.104,0,
1675,223,1.701,48.5,0.104,0,
1676,206,1.69,48.5,0.104,0,
1677,212,1.701,48.5,0.104,0,
1678,206,1.701,48.5,0.104,0,
1679,218,1.7,48.5,0.104,0,
1680,215,1.702,48.5,0.104,0,
1681,214,1.687,48.5,0.104,0,
1682,217,1.687,48.5,0.104,0,
1683,207,1.689,48.5,0.104,0,
1684,214,1.688,48.5,0.104,0,
1685,207,1.688,48.5,0.104,0,
1686,279,1.688,48.5,0.104,7,
1687,208,1.688,48.5,0.104,0,
1688,275,1.688,48.5,0.104,8,
1689,205,1.688,48.5,0.104,0,
1690,201,1.688,48.5,0.104,0,
1691,207,1.688,48.5,0.104,0,
1692,202,1.688,48.5,0.104,0,
1693,278,1.688,48.5,0.104,8,
1694,278,1.689,48.5,0.104,8,
1695,280,1.689,48.5,0.104,9,
1696,270,1.681,48.5,0.104,6,
1697,200,1.682,48.3,0.104,0,
1698,203,1.682,48.3,0.104,0,
1699,277,1.683,48.3,0.104,8,
1700,271,1.683,48.3,0.104,6,
1701,271,1.683,48.3,0.104,7,
1702,275,1.685,48.3,0.104,8,
1703,274,1.685,48.3,0.104,8,
1704,278,1.686,48.3,0.104,8,
1705,263,1.689,48.3,0.104,6,
1706,258,1.688,48.3,0.104,5,
1707,262,1.685,48.3,0.104,5,
1708,265,1.688,48.3,0.104,5,
1709,268,1.688,48.3,0.104,5,
1710,253,1.701,48.3,0.104,1,
1711,266,1.703,48.3,0.104,3,
1712,253,1.687,48.3,0.104,2,
1713,269,1.687,48.3,0.104,5,
1714,268,1.687,48.3,0.104,5,
1715,250,1.687,48.3,0.104,2,
1716,247,1.686,48.3,0.104,0,
1717,248,1.686,48.3,0.104,2,
1718,247,1.686,48.3,0.104,0,
1719,257,1.688,48.3,0.104,5,
1720,248,1.688,48.3,0.104,1,
1721,256,1.688,48.3,0.104,3,
1722,253,1.696,48.3,0.104,1,
1723,253,1.696,48.3,0.104,1,
1724,241,1.681,48.3,0.104,0,
1725,245,1.678,48.3,0.104,1,
1726,240,1.68,48.3,0.104,0,
1727,241,1.691,48.3,0.104,0,
1728,252,1.69,48.3,0.104,1,
1729,251,1.691,48.3,0.104,3,
1730,251,1.692,48.3,0.104,3,
1731,237,1.69,48.3,0.104,0,
1732,238,1.696,48.3,0.104,0,
1733,246,1.699,48.3,0.104,0,
1734,229,1.701,48.3,0.104,0,
1735,230,1.664,48.3,0.104,1,
1736,244,1.664,48.3,0.104,2,
1737,232,1.664,48.3,0.104,2,
1738,242,1.664,48.3,0.104,2,
1739,224,1.664,48.3,0.104,1,
1740,227,1.664,48.3,0.104,1,
1741,230,1.688,48.3,0.104,0,
1742,231,1.688,48.3,0.104,0,
1743,230,1.688,48.3,0.104,0,
1744,226,1.687,48.3,0.104,0,
1745,222,1.687,48.3,0.104,0,
1746,225,1.678,48.3,0.104,0,
1747,222,1.664,48.3,0.104,1,
1748,232,1.663,48.3,0.104,1,
1749,230,1.7,48.3,0.104,0,
1750,219,1.7,48.3,0.104,0,
1751,224,1.687,48.3,0.104,0,
1752,216,1.683,48.3,0.104,0,
1753,212,1.683,48.3,0.104,0,
1754,217,1.684,48.3,0.104,0,
1755,222,1.688,48.3,0.104,0,
1756,220,1.699,48.3,0.104,0,
1757,211,1.688,48.3,0.104,0,
1758,205,1.678,48.3,0.104,0,
1759,214,1.678,48.3,0.104,0,
1760,207,1.679,48.3,0.104,0,
1761,213,1.678,48.3,0.104,0,
1762,212,1.679,48.3,0.104,0,
1763,217,1.678,48.3,0.104,0,
1764,205,1.678,48.3,0.104,0,
1765,213,1.677,48.3,0.104,0,
1766,201,1.677,48.3,0.104,0,
1767,203,1.677,48.3,0.104,0,
1768,213,1.678,48.3,0.104,0,
1769,200,1.686,48.3,0.104,0,
1770,211,1.68,48.3,0.104,0,
1771,208,1.681,48.3,0.104,0,
1772,203,1.681,48.3,0.104,0,
1773,200,1.678,48.3,0.104,0,
1774,202,1.678,48.3,0.104,0,
1775,278,1.678,48.3,0.104,8,
1776,200,1.678,48.3,0.104,0,
1777,204,1.7,48.3,0.104,0,
1778,269,1.691,48.3,0.104,6,
1779,267,1.692,48.3,0.104,4,
1780,266,1.691,48.3,0.104,4,
1781,267,1.688,48.3,0.104,6,
1782,264,1.687,48.3,0.104,3,
1783,271,1.682,48.3,0.104,7,
1784,271,1.678,48.3,0.104,8,
1785,262,1.678,48.3,0.104,6,
1786,266,1.677,48.3,0.104,7,
1787,260,1.678,48.3,0.104,5,
1788,261,1.679,48.3,0.104,5,
1789,259,1.679,48.3,0.104,5,
1790,256,1.681,48.3,0.104,4,
1791,265,1.68,48.3,0.104,6,
1792,271,1.678,48.3,0.104,8,
1793,264,1.678,48.3,0.104,6,
1794,252,1.683,48.3,0.104,3,
1795,252,1.677,48.3,0.104,3,
1796,255,1.681,48.3,0.104,4,
1797,263,1.678,48.3,0.104,6,
1798,260,1.678,48.3,0.104,5,
1799,262,1.678,48.3,0.104,6,
1800,257,1.678,48.3,0.104,5,
1801,253,1.679,48.3,0.104,3,
1802,250,1.679,48.3,0.104,2,
1803,255,1.69,48.3,0.104,3,
1804,249,1.679,48.3,0.104,2,
1805,253,1.685,48.3,0.104,3,
1806,239,1.683,48.3,0.104,0,
1807,242,1.688,48.3,0.104,0,
1808,239,1.691,48.3,0.104,0,
1809,247,1.681,48.3,0.104,1,
1810,235,1.68,48.3,0.104,0,
1811,237,1.68,48.3,0.104,0,
1812,232,1.687,48.3,0.104,0,
1813,237,1.679,48.3,0.104,0,
1814,237,1.679,48.3,0.104,0,
1815,247,1.688,48.3,0.104,0,
1816,230,1.69,48.3,0.104,0,
1817,232,1.693,48.3,0.104,0,
1818,241,1.676,48.3,0.104,1,
1819,228,1.678,48.3,0.104,0,
1820,224,1.682,48.3,0.104,0,
1821,232,1.678,48.3,0.104,0,
1822,227,1.678,48.3,0.104,0,
1823,222,1.678,48.3,0.104,0,
1824,238,1.678,48.3,0.104,0,
1825,234,1.671,48.3,0.104,1,
1826,224,1.671,48.3,0.104,0,
1827,224,1.681,48.3,0.104,0,
1828,217,1.682,48.3,0.104,0,
1829,225,1.683,48.3,0.104,0,
1830,219,1.681,48.3,0.104,0,
1831,232,1.678,48.3,0.104,0,
1832,223,1.68,48.3,0.104,0,
1833,212,1.679,48.3,0.104,0,
1834,226,1.679,48.3,0.104,0,
1835,221,1.679,48.3,0.104,0,
1836,219,1.68,48.3,0.104,0,
1837,215,1.679,48.3,0.104,0,
1838,218,1.679,48.3,0.104,0,
1839,209,1.679,48.3,0.104,0,
1840,220,1.678,48.3,0.104,0,
1841,208,1.681,48.3,0.104,0,
1842,221,1.682,48.3,0.104,0,
1843,217,1.675,48.3,0.104,0,
1844,216,1.678,48.3,0.104,0,
1845,204,1.675,48.3,0.104,0,
1846,213,1.679,48.3,0.104,0,
1847,216,1.676,48.3,0.104,0,
1848,209,1.675,48.3,0.104,0,
1849,279,1.678,48.3,0.104,10,
1850,206,1.679,48.3,0.104,0,
1851,205,1.693,48.3,0.104,0,
1852,205,1.688,48.3,0.104,0,
1853,205,1.688,48.3,0.104,0,
1854,274,1.682,48.3,0.104,8,
1855,207,1.681,48.3,0.104,0,
1856,204,1.678,48.3,0.104,0,
1857,276,1.678,48.3,0.104,8,
1858,205,1.678,48.3,0.104,0,
1859,272,1.68,48.3,0.104,6,
1860,265,1.68,48.3,0.104,6,
1861,268,1.683,48.3,0.104,6,
1862,275,1.69,48.3,0.104,7,
1863,266,1.69,48.3,0.104,3,
1864,272,1.678,48.3,0.104,7,
1865,266,1.679,48.3,0.104,6,
1866,262,1.679,48.3,0.104,6,
1867,272,1.679,48.3,0.104,7,
1868,272,1.678,48.3,0.104,8,
1869,256,1.679,48.3,0.104,5,
1870,272,1.679,48.3,0.104,7,
1871,272,1.681,48.3,0.104,8,
1872,265,1.678,48.3,0.104,6,
1873,264,1.674,48.3,0.104,6,
1874,252,1.679,48.3,0.104,2,
1875,251,1.679,48.3,0.104,2,
1876,259,1.678,48.3,0.104,5,
1877,248,1.678,48.3,0.104,2,
1878,249,1.688,48.3,0.104,1,
1879,247,1.693,48.3,0.104,0,
1880,254,1.679,48.3,0.104,4,
1881,246,1.683,48.3,0.104,1,
1882,244,1.678,48.3,0.104,1,
1883,248,1.679,48.3,0.104,2,
1884,246,1.679,48.3,0.104,1,
1885,248,1.679,48.3,0.104,2,
1886,250,1.679,48.3,0.104,2,
1887,239,1.679,48.3,0.104,0,
1888,238,1.68,48.3,0.104,0,
1889,242,1.68,48.3,0.104,0,
1890,242,1.679,48.3,0.104,1,
1891,252,1.679,48.3,0.104,3,
1892,237,1.679,48.3,0.104,0,
1893,242,1.679,48.3,0.104,0,
1894,237,1.679,48.3,0.104,0,
1895,242,1.678,48.3,0.104,1,
1896,242,1.68,48.3,0.104,0,
1897,243,1.679,48.3,0.104,1,
1898,236,1.679,48.3,0.104,0,
1899,243,1.679,48.3,0.104,0,
1900,229,1.678,48.3,0.104,0,
1901,224,1.678,48.3,0.104,0,
1902,227,1.678,48.3,0.104,0,
1903,223,1.678,48.3,0.104,0,
1904,239,1.678,48.3,0.104,0,
1905,237,1.679,48.3,0.104,0,
1906,219,1.679,48.3,0.104,0,
1907,227,1.679,48.3,0.104,0,
1908,229,1.679,48.3,0.104,0,
1909,226,1.679,48.3,0.104,0,
1910,227,1.678,48.3,0.104,0,
1911,231,1.678,48.3,0.104,0,
1912,232,1.678,48.3,0.104,0,
1913,228,1.679,48.3,0.104,0,
1914,229,1.679,48.3,0.104,0,
1915,217,1.679,48.3,0.104,0,
1916,221,1.679,48.3,0.104,0,
1917,222,1.678,48.3,0.104,0,
1918,208,1.679,48.3,0.104,0,
1919,224,1.679,48.3,0.104,0,
1920,222,1.679,48.3,0.104,0,
1921,217,1.679,48.3,0.104,0,
1922,221,1.678,48.3,0.104,0,
1923,208,1.678,48.3,0.104,0,
1924,216,1.678,48.3,0.104,0,
1925,203,1.678,48.3,0.104,0,
1926,211,1.678,48.3,0.104,0,
1927,201,1.678,48.3,0.104,0,
1928,204,1.678,48.3,0.104,0,
1929,210,1.678,48.3,0.104,0,
1930,210,1.678,48.3,0.104,0,
1931,202,1.678,48.3,0.104,0,
1932,206,1.678,48.3,0.104,0,
1933,280,1.678,48.3,0.104,12,
1934,276,1.678,48.3,0.104,9,
1935,206,1.678,48.3,0.104,0,
1936,271,1.678,48.3,0.104,7,
1937,276,1.678,48.3,0.104,9,
1938,275,1.679,48.3,0.104,8,
1939,201,1.678,48.3,0.104,0,
1940,203,1.678,48.3,0.104,0,
1941,202,1.678,48.3,0.104,0,
1942,277,1.679,48.3,0.104,7,
1943,264,1.679,48.3,0.104,6,
1944,270,1.679,48.3,0.104,7,
1945,262,1.678,48.3,0.104,6,
1946,273,1.678,48.3,0.104,8,
1947,261,1.678,48.3,0.104,6,
1948,273,1.678,48.3,0.104,8,
1949,269,1.678,48.3,0.104,7,
1950,263,1.683,48.3,0.104,5,
1951,257,1.685,48.3,0.104,5,
1952,266,1.701,48.3,0.104,3,
1953,272,1.699,48.3,0.104,6,
1954,255,1.679,48.3,0.104,5,
1955,257,1.678,48.3,0.104,5,
1956,264,1.679,48.3,0.104,6,
1957,258,1.679,48.3,0.104,5,
1958,256,1.678,48.3,0.104,5,
1959,247,1.679,48.3,0.104,1,
1960,249,1.679,48.3,0.104,2,
1961,252,1.679,48.3,0.104,3,
1962,255,1.679,48.3,0.104,4,
1963,252,1.689,48.3,0.104,2,
1964,254,1.678,48.3,0.104,4,
1965,258,1.678,48.3,0.104,5,
1966,258,1.698,48.3,0.104,2,
1967,254,1.679,48.3,0.104,4,
1968,251,1.679,48.3,0.104,2,
1969,251,1.679,48.3,0.104,3,
1970,245,1.678,48.3,0.104,1,
1971,236,1.679,48.3,0.104,0,
1972,235,1.679,48.3,0.104,0,
1973,234,1.679,48.3,0.104,0,
1974,238,1.679,48.3,0.104,0,
1975,237,1.679,48.3,0.104,0,
1976,231,1.679,48.3,0.104,0,
1977,246,1.679,48.3,0.104,1,
1978,244,1.679,48.3,0.104,1,
1979,237,1.68,48.3,0.104,0,
1980,233,1.68,48.3,0.104,0,
1981,234,1.679,48.3,0.104,0,
1982,242,1.679,48.3,0.104,0,
1983,241,1.681,48.3,0.104,0,
1984,230,1.679,48.3,0.104,0,
1985,231,1.679,48.3,0.104,0,
1986,237,1.682,48.3,0.104,0,
1987,235,1.682,48.3,0.104,0,
1988,229,1.682,48.3,0.104,0,
1989,218,1.682,48.3,0.102,0,
1990,228,1.679,48.3,0.102,0,
1991,226,1.679,48.3,0.102,0,
1992,222,1.682,48.3,0.102,0,
1993,224,1.682,48.3,0.102,0,
1994,213,1.679,48.3,0.102,0,
1995,212,1.679,48.3,0.102,0,
1996,227,1.682,48.3,0.102,0,
1997,225,1.683,48.3,0.102,0,
1998,211,1.683,48.3,0.102,0,
1999,226,1.679,48.3,0.102,0,
2000,215,1.679,48.3,0.102,0,
2001,215,1.679,48.3,0.102,0,
2002,206,1.685,48.3,0.102,0,
2003,219,1.685,48.3,0.102,0,
2004,211,1.679,48.3,0.102,0,
2005,210,1.686,48.3,0.102,0,
2006,206,1.679,48.3,0.102,0,
2007,203,1.687,48.3,0.102,0,
2008,279,1.687,48.3,0.102,9,
2009,207,1.678,48.3,0.102,0,
2010,280,1.688,48.3,0.102,9,
2011,200,1.688,48.3,0.102,0,
2012,206,1.688,48.3,0.102,0,
2013,202,1.689,48.3,0.102,0,
2014,203,1.688,48.3,0.102,0,
2015,279,1.688,48.3,0.102,7,
2016,202,1.689,48.3,0.102,0,
2017,274,1.689,48.3,0.102,8,
2018,275,1.683,48.3,0.102,8,
2019,269,1.684,48.3,0.102,6,
2020,270,1.678,48.3,0.102,6,
2021,273,1.678,48.3,0.102,9,
2022,274,1.678,48.3,0.102,9,
2023,279,1.678,48.3,0.102,10,
2024,267,1.678,48.3,0.102,6,
2025,269,1.677,48.3,0.102,6,
2026,266,1.677,48.3,0.102,6,
2027,267,1.678,48.3,0.102,6,
2028,266,1.678,48.3,0.102,6,
2029,274,1.679,48.3,0.102,8,
2030,273,1.684,48.3,0.102,9,
2031,275,1.683,48.3,0.102,9,
2032,257,1.683,48.3,0.102,4,
2033,272,1.679,48.3,0.102,7,
2034,258,1.679,48.3,0.102,5,
2035,267,1.685,48.3,0.102,6,
2036,263,1.686,48.3,0.102,6,
2037,263,1.698,48.3,0.102,4,
2038,261,1.698,48.3,0.102,5,
2039,255,1.698,48.3,0.102,1,
2040,266,1.678,48.3,0.102,7,
2041,254,1.678,48.3,0.102,4,
2042,262,1.7,48.3,0.102,2,
2043,263,1.7,48.3,0.102,3,
2044,244,1.7,48.3,0.102,0,
2045,260,1.679,48.3,0.102,5,
2046,247,1.679,48.3,0.102,0,
2047,253,1.679,48.3,0.102,2,
2048,255,1.679,48.3,0.102,5,
2049,239,1.679,48.3,0.102,0,
2050,252,1.68,48.3,0.102,3,
2051,241,1.679,48.3,0.102,1,
2052,237,1.688,48.3,0.102,0,
2053,247,1.687,48.3,0.102,0,
2054,250,1.699,48.3,0.102,1,
2055,249,1.689,48.3,0.102,1,
2056,236,1.691,48.3,0.102,0,
2057,233,1.691,48.3,0.102,0,
2058,242,1.692,48.3,0.102,0,
2059,241,1.692,48.3,0.102,0,
2060,227,1.692,48.3,0.102,0,
2061,239,1.693,48.3,0.102,0,
2062,234,1.693,48.3,0.102,0,
2063,243,1.693,48.3,0.102,0,
2064,237,1.694,48.3,0.102,0,
2065,241,1.694,48.3,0.102,0,
2066,237,1.679,48.3,0.102,0,
2067,234,1.679,48.3,0.102,0,
2068,234,1.68,48.3,0.102,0,
2069,233,1.68,48.3,0.102,0,
2070,228,1.678,48.3,0.102,0,
2071,220,1.679,48.3,0.102,0,
2072,220,1.679,48.3,0.102,0,
2073,215,1.676,48.3,0.102,0,
2074,219,1.677,48.3,0.102,0,
2075,222,1.677,48.3,0.102,0,
2076,220,1.678,48.3,0.102,0,
2077,217,1.681,48.3,0.102,0,
2078,209,1.689,48.3,0.102,0,
2079,217,1.688,48.3,0.102,0,
2080,216,1.686,48.3,0.102,0,
2081,221,1.689,48.3,0.102,0,
2082,214,1.689,48.3,0.102,0,
2083,208,1.69,48.3,0.102,0,
2084,222,1.691,48.3,0.102,0,
2085,210,1.691,48.3,0.102,0,
2086,210,1.683,48.3,0.102,0,
2087,206,1.683,48.3,0.102,0,
2088,212,1.683,48.3,0.102,0,
2089,207,1.679,48.3,0.102,0,
2090,203,1.68,48.3,0.102,0,
2091,213,1.691,48.3,0.102,0,
2092,201,1.678,48.3,0.102,0,
2093,209,1.679,48.3,0.102,0,
2094,210,1.679,48.3,0.102,0,
2095,276,1.671,48.3,0.102,10,
2096,210,1.681,48.3,0.102,0,
2097,202,1.62,48.3,0.102,1,
2098,280,1.68,48.3,0.102,12,
2099,206,1.68,48.3,0.102,0,
2100,269,1.681,48.3,0.102,7,
2101,274,1.681,48.3,0.102,7,
2102,201,1.682,48.3,0.102,0,
2103,272,1.682,48.3,0.102,6,
2104,264,1.684,48.3,0.102,6,
2105,276,1.684,48.3,0.102,8,
2106,278,1.684,48.3,0.102,8,
2107,271,1.684,48.3,0.102,6,
2108,278,1.684,48.3,0.102,8,
2109,262,1.685,48.3,0.102,5,
2110,264,1.685,48.3,0.102,5,
2111,259,1.686,48.3,0.102,5,
2112,274,1.686,48.3,0.102,8,
2113,273,1.688,48.3,0.102,8,
2114,256,1.688,48.3,0.102,3,
2115,259,1.688,48.3,0.102,5,
2116,255,1.69,48.3,0.102,3,
2117,260,1.69,48.3,0.102,3,
2118,263,1.69,48.3,0.102,6,
2119,266,1.691,48.3,0.102,3,
2120,264,1.692,48.3,0.102,3,
2121,252,1.692,48.3,0.102,1,
2122,259,1.692,48.3,0.102,3,
2123,251,1.688,48.3,0.102,2,
2124,255,1.688,48.3,0.102,4,
2125,260,1.687,48.3,0.102,5,
2126,254,1.687,48.3,0.102,4,
2127,257,1.687,48.3,0.102,5,
2128,254,1.687,48.3,0.102,4,
2129,252,1.687,48.3,0.102,2,
2130,257,1.687,48.3,0.102,4,
2131,238,1.689,48.3,0.102,0,
2132,247,1.687,48.3,0.102,0,
2133,247,1.688,48.3,0.102,0,
2134,242,1.688,48.3,0.102,0,
2135,238,1.672,48.3,0.102,1,
2136,241,1.677,48.3,0.102,0,
2137,241,1.679,48.3,0.102,0,
2138,240,1.679,48.3,0.102,0,
2139,235,1.683,48.3,0.102,0,
2140,229,1.683,48.3,0.102,0,
2141,243,1.679,48.3,0.102,0,
2142,230,1.679,48.3,0.102,0,
2143,226,1.679,48.3,0.102,0,
2144,225,1.679,48.3,0.102,0,
2145,242,1.679,48.3,0.102,0,
2146,241,1.679,48.3,0.102,1,
2147,233,1.679,48.3,0.102,0,
2148,230,1.679,48.3,0.102,0,
2149,222,1.679,48.3,0.102,0,
2150,232,1.679,48.3,0.102,0,
2151,217,1.679,48.3,0.102,0,
2152,226,1.679,48.3,0.102,0,
2153,218,1.678,48.3,0.102,0,
2154,217,1.677,48.3,0.102,0,
2155,226,1.688,48.3,0.102,0,
2156,223,1.687,48.3,0.102,0,
2157,213,1.687,48.3,0.102,0,
2158,220,1.685,48.3,0.102,0,
2159,221,1.7,48.3,0.102,0,
2160,223,1.693,48.3,0.102,0,
2161,212,1.599,48.3,0.102,2,
2162,221,1.609,48.3,0.102,2,
2163,214,1.59,48.3,0.102,3,
2164,216,1.679,48.3,0.102,0,
2165,206,1.679,48.3,0.102,0,
2166,216,1.692,48.3,0.102,0,
2167,202,1.692,48.3,0.102,0,
2168,200,1.68,48.3,0.102,0,
2169,203,1.681,48.3,0.102,0,
2170,217,1.682,48.3,0.102,0,
2171,200,1.683,48.3,0.102,0,
2172,211,1.675,48.3,0.102,0,
2173,202,1.676,48.3,0.102,0,
2174,200,1.679,48.3,0.102,0,
2175,278,1.68,48.3,0.102,8,
2176,275,1.681,48.3,0.102,9,
2177,278,1.693,48.3,0.102,7,
2178,275,1.693,48.3,0.102,7,
2179,205,1.677,48.3,0.102,0,
2180,278,1.687,48.3,0.102,7,
2181,202,1.687,48.3,0.102,0,
2182,204,1.689,48.3,0.102,0,
2183,270,1.589,48.3,0.102,8,
2184,270,1.589,48.3,0.102,7,
2185,267,1.683,48.3,0.102,6,
2186,272,1.683,48.3,0.102,7,
2187,274,1.697,48.3,0.102,7,
2188,278,1.564,48.3,0.102,10,
2189,278,1.564,48.3,0.102,9,
2190,274,1.539,48.3,0.102,10,
2191,266,1.539,48.3,0.102,9,
2192,265,1.677,48.3,0.102,7,
2193,275,1.678,48.3,0.102,9,
2194,268,1.679,48.3,0.102,6,
2195,262,1.679,48.3,0.102,5,
2196,255,1.679,48.3,0.102,4,
2197,267,1.679,48.3,0.102,6,
2198,262,1.678,48.3,0.102,5,
2199,268,1.678,48.3,0.102,6,
2200,249,1.682,48.3,0.102,1,
2201,249,1.682,48.6,0.102,1,
2202,261,1.682,48.6,0.102,5,
2203,246,1.647,48.6,0.102,2,
2204,251,1.659,48.6,0.102,3,
2205,262,1.692,48.6,0.102,3,
2206,251,1.69,48.6,0.102,2,
2207,242,1.693,48.6,0.102,0,
2208,254,1.683,48.6,0.102,4,
2209,248,1.683,48.6,0.102,2,
2210,250,1.682,48.6,0.102,3,
2211,242,1.688,48.6,0.102,0,
2212,239,1.683,48.6,0.102,0,
2213,239,1.689,48.6,0.102,0,
2214,245,1.681,48.6,0.102,1,
2215,236,1.681,48.6,0.102,0,
2216,235,1.681,48.6,0.102,0,
2217,251,1.678,48.6,0.102,3,
2218,246,1.68,48.6,0.102,1,
2219,235,1.659,48.6,0.102,2,
2220,232,1.683,48.6,0.102,0,
2221,231,1.692,48.6,0.102,0,
2222,234,1.693,48.6,0.102,0,
2223,240,1.684,48.6,0.102,0,
2224,235,1.683,48.6,0.102,0,
2225,237,1.683,48.6,0.102,0,
2226,236,1.683,48.6,0.102,0,
2227,234,1.683,48.6,0.102,0,
2228,227,1.683,48.6,0.102,0,
2229,237,1.683,48.6,0.102,0,
2230,233,1.688,48.6,0.102,0,
2231,218,1.688,48.6,0.102,0,
2232,225,1.699,48.6,0.102,0,
2233,233,1.699,48.6,0.102,0,
2234,224,1.699,48.6,0.102,0,
2235,224,1.699,48.6,0.102,0,
2236,228,1.689,48.6,0.102,0,
2237,225,1.69,48.6,0.102,0,
2238,213,1.693,48.6,0.102,0,
2239,218,1.701,48.6,0.102,0,
2240,218,1.688,48.6,0.102,0,
2241,223,1.703,48.6,0.102,0,
2242,217,1.687,48.6,0.102,0,
2243,224,1.689,48.6,0.102,0,
2244,221,1.687,48.6,0.102,0,
2245,213,1.687,48.6,0.102,0,
2246,221,1.688,48.6,0.102,0,
2247,215,1.688,48.6,0.102,0,
2248,213,1.679,48.6,0.102,0,
2249,202,1.679,48.6,0.102,0,
2250,215,1.671,48.6,0.102,1,
2251,202,1.679,48.6,0.102,0,
2252,215,1.679,48.6,0.102,0,
2253,201,1.679,48.6,0.102,0,
2254,278,1.679,48.6,0.102,8,
2255,209,1.675,48.6,0.102,0,
2256,278,1.678,48.6,0.102,9,
2257,279,1.678,48.6,0.102,8,
2258,202,1.679,48.6,0.102,0,
2259,276,1.682,48.6,0.102,7,
2260,206,1.68,48.6,0.102,0,
2261,277,1.68,48.6,0.102,8,
2262,271,1.68,48.6,0.102,8,
2263,276,1.68,48.6,0.102,8,
2264,280,1.68,48.6,0.102,11,
2265,203,1.682,48.6,0.102,0,
2266,279,1.669,48.6,0.102,9,
2267,270,1.679,48.6,0.102,7,
2268,280,1.679,48.6,0.102,11,
2269,274,1.678,48.6,0.102,8,
2270,262,1.669,48.6,0.102,6,
2271,260,1.683,48.6,0.102,5,
2272,265,1.683,48.6,0.102,6,
2273,265,1.683,48.6,0.102,7,
2274,268,1.684,48.6,0.102,7,
2275,270,1.683,48.6,0.102,6,
2276,263,1.689,48.6,0.102,5,
2277,268,1.688,48.6,0.102,6,
2278,256,1.7,48.6,0.102,2,
2279,261,1.688,48.6,0.102,6,
2280,269,1.688,48.6,0.102,5,
2281,253,1.688,48.6,0.102,2,
2282,252,1.689,48.6,0.102,1,
2283,252,1.703,48.6,0.102,1,
2284,249,1.699,48.6,0.102,0,
2285,262,1.678,48.6,0.102,6,
2286,254,1.678,48.6,0.102,4,
2287,261,1.688,48.6,0.102,5,
2288,259,1.678,48.6,0.102,5,
2289,259,1.678,48.6,0.102,5,
2290,249,1.67,48.6,0.102,2,
2291,246,1.679,48.6,0.102,1,
2292,254,1.67,48.6,0.102,4,
2293,251,1.678,48.6,0.102,2,
2294,243,1.67,48.6,0.102,2,
2295,241,1.671,48.6,0.102,1,
2296,253,1.678,48.6,0.102,3,
2297,237,1.677,48.6,0.102,0,
2298,244,1.699,48.6,0.102,0,
2299,248,1.7,48.6,0.102,0,
2300,240,1.704,48.6,0.102,0,
2301,233,1.69,48.6,0.102,0,
2302,239,1.691,48.6,0.102,0,
2303,235,1.691,48.6,0.102,0,
2304,245,1.7,48.6,0.102,0,
2305,244,1.7,48.6,0.102,0,
2306,229,1.701,48.6,0.102,0,
2307,229,1.696,48.6,0.102,0,
2308,235,1.704,48.6,0.102,0,
2309,223,1.704,48.6,0.102,0,
2310,230,1.705,48.6,0.102,0,
2311,230,1.688,48.6,0.102,0,
2312,219,1.7,48.6,0.102,0,
2313,221,1.702,48.6,0.102,0,
2314,234,1.704,48.6,0.102,0,
2315,230,1.659,48.6,0.102,2,
2316,227,1.658,48.6,0.102,2,
2317,230,1.658,48.6,0.102,2,
2318,220,1.658,48.6,0.102,2,
2319,218,1.648,48.6,0.102,2,
2320,219,1.688,48.6,0.102,0,
2321,225,1.688,48.6,0.102,0,
2322,212,1.688,48.6,0.102,0,
2323,223,1.686,48.6,0.102,0,
2324,220,1.668,48.6,0.102,1,
2325,214,1.679,48.6,0.102,0,
2326,204,1.679,48.6,0.102,0,
2327,217,1.695,48.6,0.102,0,
2328,212,1.695,48.6,0.102,0,
2329,206,1.681,48.6,0.102,0,
2330,219,1.701,48.6,0.102,0,
2331,216,1.681,48.6,0.102,0,
2332,214,1.682,48.6,0.102,0,
2333,206,1.677,48.6,0.102,0,
2334,279,1.669,48.6,0.102,10,
2335,207,1.667,48.6,0.102,0,
2336,211,1.685,48.6,0.102,0,
2337,211,1.691,48.6,0.102,0,
2338,276,1.678,48.6,0.102,8,
2339,275,1.68,48.6,0.102,9,
2340,271,1.675,48.6,0.102,9,
2341,201,1.674,48.6,0.102,1,
2342,277,1.678,48.6,0.102,8,
2343,275,1.678,48.6,0.102,8,
2344,202,1.678,48.6,0.102,0,
2345,274,1.668,48.6,0.102,9,
2346,268,1.668,48.6,0.102,7,
2347,271,1.68,48.6,0.102,8,
2348,276,1.68,48.6,0.102,8,
2349,280,1.679,48.6,0.102,10,
2350,271,1.679,48.6,0.102,7,
2351,276,1.704,48.6,0.102,6,
2352,278,1.7,48.6,0.102,6,
2353,266,1.7,48.6,0.102,3,
2354,260,1.688,48.6,0.102,3,
2355,264,1.67,48.6,0.102,6,
2356,263,1.698,48.6,0.102,3,
2357,262,1.698,48.6,0.102,4,
2358,266,1.699,48.6,0.102,4,
2359,262,1.699,48.6,0.102,3,
2360,251,1.655,48.6,0.102,3,
2361,250,1.655,48.6,0.102,3,
2362,255,1.684,48.6,0.102,4,
2363,250,1.688,48.6,0.102,2,
2364,261,1.681,48.6,0.102,6,
2365,260,1.67,48.6,0.102,5,
2366,247,1.67,48.6,0.102,0,
2367,255,1.67,48.6,0.102,5,
2368,247,1.698,48.6,0.102,0,
2369,260,1.693,48.6,0.102,3,
2370,249,1.695,48.6,0.102,0,
2371,252,1.698,48.6,0.102,1,
2372,258,1.681,48.6,0.102,5,
2373,241,1.699,48.6,0.102,0,
2374,237,1.681,48.6,0.102,0,
2375,238,1.681,48.6,0.102,0,
2376,245,1.682,48.6,0.102,1,
2377,250,1.681,48.6,0.102,2,
2378,239,1.681,48.6,0.102,0,
2379,240,1.668,48.6,0.102,1,
2380,242,1.7,48.6,0.102,0,
2381,234,1.7,48.6,0.102,0,
2382,232,1.701,48.6,0.102,0,
2383,245,1.693,48.6,0.102,0,
2384,235,1.692,48.6,0.102,0,
2385,244,1.692,48.6,0.102,0,
2386,241,1.689,48.6,0.102,0,
2387,241,1.689,48.6,0.102,0,
2388,241,1.689,48.6,0.102,0,
2389,240,1.689,48.6,0.102,0,
2390,239,1.689,48.6,0.102,0,
2391,224,1.689,48.6,0.102,0,
2392,228,1.689,48.6,0.102,0,
2393,219,1.69,48.6,0.102,0,
2394,222,1.69,48.6,0.102,0,
2395,225,1.687,48.6,0.102,0,
2396,231,1.7,48.6,0.102,0,
2397,225,1.701,48.6,0.102,0,
2398,214,1.701,48.6,0.102,0,
2399,228,1.698,48.6,0.102,0,
2400,230,1.699,48.6,0.102,0,
2401,222,1.699,48.6,0.102,0,
2402,210,1.698,48.6,0.102,0,
2403,213,1.688,48.6,0.102,0,
2404,211,1.688,48.6,0.102,0,
2405,222,1.687,48.6,0.102,0,
2406,215,1.687,48.6,0.102,0,
2407,210,1.692,48.6,0.102,0,
2408,217,1.692,48.6,0.102,0,
2409,214,1.698,48.6,0.102,0,
2410,209,1.699,48.6,0.102,0,
2411,201,1.687,48.6,0.102,0,
2412,214,1.687,48.6,0.102,0,
2413,205,1.689,48.6,0.102,0,
2414,204,1.687,48.6,0.102,0,
2415,280,1.687,48.6,0.102,9,
2416,206,1.687,48.6,0.102,0,
2417,212,1.687,48.6,0.102,0,
2418,200,1.687,48.6,0.102,0,
2419,275,1.687,48.6,0.102,7,
2420,208,1.699,48.6,0.102,0,
2421,202,1.699,48.6,0.102,0,
2422,205,1.7,48.6,0.102,0,
2423,280,1.7,48.6,0.102,8,
2424,279,1.688,48.6,0.102,8,
2425,278,1.688,48.6,0.102,7,
2426,201,1.7,48.6,0.102,0,
2427,275,1.683,48.6,0.102,8,
2428,264,1.683,48.6,0.102,5,
2429,265,1.692,48.6,0.102,5,
2430,265,1.693,48.6,0.102,4,
2431,268,1.693,48.6,0.102,4,
2432,271,1.693,48.6,0.102,7,
2433,262,1.693,48.6,0.102,4,
2434,262,1.688,48.6,0.102,3,
2435,264,1.686,48.6,0.102,5,
2436,258,1.686,48.6,0.102,4,
2437,260,1.686,48.6,0.102,5,
2438,263,1.686,48.6,0.102,6,
2439,257,1.686,48.6,0.102,4,
2440,254,1.685,48.6,0.102,4,
2441,258,1.685,48.6,0.102,5,
2442,255,1.685,48.6,0.102,4,
2443,267,1.691,48.6,0.102,4,
2444,261,1.691,48.6,0.102,3,
2445,251,1.691,48.6,0.102,2,
2446,250,1.687,48.6,0.102,2,
2447,263,1.687,48.6,0.102,5,
2448,256,1.687,48.6,0.105,4,
2449,245,1.69,48.6,0.105,0,
2450,254,1.69,48.6,0.105,3,
2451,251,1.686,48.6,0.105,3,
2452,254,1.687,48.6,0.105,4,
2453,253,1.687,48.6,0.105,3,
2454,240,1.669,48.6,0.105,1,
2455,247,1.669,48.6,0.105,0,
2456,243,1.669,48.6,0.105,2,
2457,253,1.669,48.6,0.105,3,
2458,248,1.669,48.6,0.105,2,
2459,249,1.669,48.6,0.105,2,
2460,235,1.669,48.6,0.105,1,
2461,232,1.669,48.6,0.105,1,
2462,230,1.668,48.6,0.105,1,
2463,241,1.668,48.6,0.105,2,
2464,230,1.669,48.6,0.105,1,
2465,241,1.669,48.6,0.105,1,
2466,237,1.669,48.6,0.105,2,
2467,236,1.669,48.6,0.105,2,
2468,227,1.669,48.6,0.105,1,
2469,238,1.669,48.6,0.105,1,
2470,224,1.668,48.6,0.105,1,
2471,222,1.668,48.6,0.105,1,
2472,225,1.679,48.6,0.105,0,
2473,220,1.689,48.6,0.105,0,
2474,226,1.693,48.6,0.105,0,
2475,220,1.691,48.6,0.105,0,
2476,216,1.691,48.6,0.105,0,
2477,229,1.687,48.6,0.105,0,
2478,218,1.687,48.6,0.105,0,
2479,213,1.67,48.6,0.105,0,
2480,227,1.67,48.6,0.105,0,
2481,220,1.689,48.6,0.105,0,
2482,216,1.689,48.6,0.105,0,
2483,227,1.686,48.6,0.105,0,
2484,224,1.681,48.6,0.105,0,
2485,210,1.688,48.6,0.105,0,
2486,207,1.69,48.6,0.105,0,
2487,206,1.69,48.6,0.105,0,
2488,213,1.691,48.6,0.105,0,
2489,208,1.691,48.6,0.105,0,
2490,206,1.688,48.6,0.105,0,
2491,220,1.688,48.6,0.105,0,
2492,219,1.682,48.6,0.105,0,
2493,206,1.68,48.6,0.105,0,
2494,206,1.686,48.6,0.105,0,
2495,213,1.68,48.6,0.105,0,
2496,278,1.68,48.6,0.105,7,
2497,201,1.685,48.6,0.105,0,
2498,207,1.685,48.6,0.105,0,
2499,207,1.69,48.6,0.105,0,
2500,206,1.688,48.6,0.105,0,
2501,208,1.688,48.6,0.105,0,
2502,272,1.688,48.6,0.105,7,
2503,278,1.694,48.6,0.105,8,
2504,269,1.694,48.6,0.105,5,
2505,279,1.694,48.6,0.105,8,
2506,203,1.695,48.6,0.105,0,
2507,274,1.695,48.6,0.105,8,
2508,280,1.695,48.6,0.105,9,
2509,276,1.695,48.6,0.105,7,
2510,276,1.693,48.6,0.105,8,
2511,280,1.693,48.6,0.105,9,
2512,278,1.659,48.6,0.105,10,
2513,263,1.676,48.6,0.105,6,
2514,272,1.683,48.6,0.105,7,
2515,261,1.679,48.6,0.105,6,
2516,272,1.678,48.6,0.105,7,
2517,264,1.678,48.6,0.105,6,
2518,261,1.679,48.6,0.105,5,
2519,259,1.679,48.6,0.105,4,
2520,261,1.679,48.6,0.105,5,
2521,253,1.68,48.6,0.105,3,
2522,270,1.68,48.6,0.105,6,
2523,265,1.687,48.6,0.105,6,
2524,253,1.68,48.6,0.105,3,
2525,255,1.68,48.6,0.105,4,
2526,251,1.703,48.6,0.105,1,
2527,254,1.691,48.6,0.105,3,
2528,254,1.691,48.6,0.105,3,
2529,259,1.692,48.6,0.105,4,
2530,244,1.687,48.6,0.105,0,
2531,253,1.676,48.6,0.105,3,
2532,252,1.676,48.6,0.105,3,
2533,259,1.677,48.6,0.105,5,
2534,249,1.678,48.6,0.105,2,
2535,254,1.679,48.6,0.105,4,
2536,244,1.679,48.6,0.105,1,
2537,250,1.678,48.6,0.105,3,
2538,243,1.679,48.6,0.105,0,
2539,252,1.68,48.6,0.105,3,
2540,249,1.68,48.6,0.105,2,
2541,240,1.684,48.6,0.105,0,
2542,247,1.684,48.6,0.105,0,
2543,248,1.691,48.6,0.105,0,
2544,234,1.681,48.6,0.105,0,
2545,232,1.681,48.6,0.105,0,
2546,227,1.68,48.6,0.105,0,
2547,239,1.68,48.6,0.105,0,
2548,241,1.681,48.6,0.105,0,
2549,238,1.682,48.6,0.105,0,
2550,235,1.679,48.6,0.105,0,
2551,229,1.679,48.6,0.105,0,
2552,236,1.691,48.6,0.105,0,
2553,234,1.691,48.6,0.105,0,
2554,232,1.691,48.6,0.105,0,
2555,223,1.681,48.6,0.105,0,
2556,221,1.681,48.6,0.105,0,
2557,232,1.679,48.6,0.105,0,
2558,233,1.67,48.6,0.105,1,
2559,228,1.669,48.6,0.105,1,
2560,221,1.684,48.6,0.105,0,
2561,216,1.685,48.6,0.105,0,
2562,227,1.68,48.6,0.105,0,
2563,215,1.687,48.6,0.105,0,
2564,219,1.692,48.6,0.105,0,
2565,219,1.692,48.6,0.105,0,
2566,210,1.701,48.6,0.105,0,
2567,210,1.706,48.6,0.105,0,
2568,216,1.706,48.6,0.105,0,
2569,216,1.691,48.6,0.105,0,
2570,205,1.659,48.6,0.105,1,
2571,208,1.682,48.6,0.105,0,
2572,214,1.659,48.6,0.105,2,
2573,202,1.7,48.6,0.105,0,
2574,213,1.713,48.6,0.105,0,
2575,209,1.714,48.6,0.105,0,
2576,204,1.714,48.6,0.105,0,
2577,215,1.677,48.6,0.105,0,
2578,203,1.686,48.6,0.105,0,
2579,202,1.691,48.6,0.105,0,
2580,206,1.698,48.6,0.105,0,
2581,278,1.709,48.6,0.105,6,
2582,272,1.709,48.6,0.105,6,
2583,276,1.709,48.6,0.105,6,
2584,280,1.709,48.6,0.105,8,
2585,274,1.689,48.6,0.105,8,
2586,205,1.671,48.6,0.105,0,
2587,275,1.691,48.6,0.105,8,
2588,267,1.691,48.6,0.105,4,
2589,265,1.69,48.6,0.105,5,
2590,265,1.66,48.6,0.105,7,
2591,277,1.66,48.6,0.105,10,
2592,272,1.66,48.6,0.105,9,
2593,278,1.66,48.6,0.105,8,
2594,262,1.669,48.6,0.105,6,
2595,276,1.67,48.6,0.105,9,
2596,260,1.677,48.6,0.105,5,
2597,274,1.678,48.6,0.105,7,
2598,259,1.685,48.6,0.105,5,
2599,256,1.685,48.6,0.105,5,
2600,272,1.686,48.6,0.105,7,
2601,258,1.681,48.6,0.105,5,
2602,254,1.661,48.6,0.105,5,
2603,258,1.669,48.6,0.105,5,
2604,252,1.668,48.6,0.105,4,
2605,267,1.669,48.6,0.105,7,
2606,265,1.661,48.6,0.105,6,
2607,257,1.661,48.6,0.105,5,
2608,256,1.68,48.6,0.105,5,
2609,252,1.66,48.6,0.105,3,
2610,256,1.681,48.6,0.105,5,
2611,259,1.681,48.6,0.105,5,
2612,253,1.681,48.6,0.105,3,
2613,255,1.681,48.6,0.105,4,
2614,250,1.688,48.6,0.105,3,
2615,252,1.688,48.6,0.105,2,
2616,238,1.688,48.6,0.105,0,
2617,244,1.688,48.6,0.105,0,
2618,240,1.688,48.6,0.105,0,
2619,251,1.687,48.6,0.105,2,
2620,249,1.687,48.6,0.105,1,
2621,250,1.687,48.6,0.105,2,
2622,247,1.687,48.6,0.105,0,
2623,240,1.687,48.6,0.105,0,
2624,236,1.687,48.6,0.105,0,
2625,241,1.687,48.6,0.105,0,
2626,236,1.681,48.6,0.105,0,
2627,231,1.681,48.6,0.105,0,
2628,241,1.681,48.6,0.105,0,
2629,228,1.681,48.6,0.105,0,
2630,232,1.681,48.6,0.105,0,
2631,241,1.682,48.6,0.105,0,
2632,227,1.672,48.6,0.105,0,
2633,228,1.672,48.6,0.105,1,
2634,233,1.672,48.6,0.105,0,
2635,226,1.671,48.6,0.105,1,
2636,228,1.677,48.6,0.105,0,
2637,222,1.681,48.6,0.105,0,
2638,233,1.681,48.6,0.105,0,
2639,218,1.688,48.6,0.105,0,
2640,221,1.688,48.6,0.105,0,
2641,230,1.698,48.6,0.105,0,
2642,212,1.698,48.6,0.105,0,
2643,228,1.698,48.6,0.105,0,
2644,225,1.698,48.6,0.105,0,
2645,215,1.698,48.6,0.105,0,
2646,210,1.691,48.6,0.105,0,
2647,209,1.698,48.6,0.105,0,
2648,223,1.691,48.6,0.105,0,
2649,215,1.691,48.6,0.105,0,
2650,219,1.692,48.6,0.105,0,
2651,216,1.692,48.6,0.105,0,
2652,209,1.692,48.6,0.105,0,
2653,219,1.692,48.6,0.105,0,
2654,213,1.7,48.6,0.105,0,
2655,211,1.7,48.6,0.105,0,
2656,205,1.7,48.6,0.105,0,
2657,213,1.687,48.6,0.105,0,
2658,205,1.687,48.6,0.105,0,
2659,278,1.682,48.6,0.105,7,
2660,275,1.702,48.6,0.105,8,
2661,208,1.702,48.6,0.105,0,
2662,209,1.702,48.6,0.105,0,
2663,275,1.702,48.6,0.105,9,
2664,278,1.702,48.6,0.105,8,
2665,276,1.705,48.6,0.105,7,
2666,272,1.691,48.6,0.105,7,
2667,204,1.691,48.6,0.105,0,
2668,277,1.692,48.6,0.105,7,
2669,280,1.692,48.6,0.105,9,
2670,201,1.683,48.6,0.105,0,
2671,275,1.683,48.6,0.105,7,
2672,278,1.683,48.6,0.105,7,
2673,263,1.677,48.6,0.105,6,
2674,261,1.691,48.6,0.105,4,
2675,273,1.692,48.6,0.105,8,
2676,269,1.682,48.6,0.105,6,
2677,266,1.682,48.6,0.105,6,
2678,274,1.693,48.6,0.105,7,
2679,256,1.693,48.6,0.105,2,
2680,258,1.686,48.6,0.105,4,
2681,268,1.685,48.6,0.105,6,
2682,265,1.705,48.6,0.105,4,
2683,269,1.705,48.6,0.105,3,
2684,253,1.685,48.6,0.105,3,
2685,254,1.685,48.6,0.105,4,
2686,251,1.685,48.6,0.105,3,
2687,266,1.685,48.6,0.105,5,
2688,253,1.684,48.6,0.105,3,
2689,256,1.684,48.6,0.105,4,
2690,253,1.695,48.6,0.105,1,
2691,261,1.682,48.6,0.105,6,
2692,247,1.681,48.6,0.105,0,
2693,257,1.681,48.6,0.105,4,
2694,244,1.682,48.6,0.105,0,
2695,254,1.688,48.6,0.105,3,
2696,253,1.688,48.6,0.105,2,
2697,238,1.687,48.6,0.105,0,
2698,251,1.693,48.6,0.105,2,
2699,244,1.697,48.6,0.105,0,
2700,247,1.687,48.6,0.105,0,
2701,242,1.688,48.6,0.105,0,
2702,248,1.691,48.6,0.105,0,
2703,243,1.692,48.6,0.105,0,
2704,246,1.691,48.6,0.105,0,
2705,241,1.688,48.6,0.105,0,
2706,241,1.687,48.6,0.105,0,
2707,233,1.689,48.6,0.105,0,
2708,244,1.697,48.6,0.105,0,
2709,236,1.697,48.6,0.105,0,
2710,243,1.697,48.6,0.105,0,
2711,242,1.692,48.6,0.105,0,
2712,242,1.692,48.6,0.105,0,
2713,240,1.692,48.6,0.105,0,
2714,226,1.692,48.6,0.105,0,
2715,227,1.692,48.6,0.105,0,
2716,220,1.692,48.6,0.105,0,
2717,219,1.695,48.6,0.105,0,
2718,219,1.694,48.6,0.105,0,
2719,223,1.7,48.6,0.105,0,
2720,230,1.701,48.6,0.105,0,
2721,216,1.701,48.6,0.105,0,
2722,218,1.701,48.6,0.105,0,
2723,217,1.701,48.6,0.105,0,
2724,214,1.702,48.6,0.105,0,
2725,222,1.704,48.6,0.105,0,
2726,218,1.699,48.6,0.105,0,
2727,222,1.703,48.6,0.105,0,
2728,210,1.703,48.6,0.105,0,
2729,220,1.704,48.6,0.105,0,
2730,219,1.687,48.6,0.105,0,
2731,213,1.687,48.6,0.105,0,
2732,221,1.687,48.6,0.105,0,
2733,220,1.687,48.6,0.105,0,
2734,204,1.687,48.6,0.105,0,
2735,204,1.69,48.6,0.105,0,
2736,211,1.69,48.6,0.105,0,
2737,212,1.691,48.6,0.105,0,
2738,213,1.692,48.6,0.105,0,
2739,277,1.694,48.6,0.105,8,
2740,208,1.676,48.6,0.105,0,
2741,275,1.69,48.6,0.105,7,
2742,204,1.694,48.6,0.105,0,
2743,202,1.694,48.6,0.105,0,
2744,207,1.689,48.6,0.105,0,
2745,205,1.688,48.6,0.105,0,
2746,271,1.699,48.6,0.105,6,
2747,274,1.692,48.6,0.105,8,
2748,271,1.692,48.6,0.105,7,
2749,205,1.7,48.6,0.105,0,
2750,274,1.705,48.6,0.105,7,
2751,278,1.701,48.6,0.105,7,
2752,279,1.688,48.6,0.105,6,
2753,275,1.687,48.6,0.105,8,
2754,264,1.688,48.6,0.105,3,
2755,277,1.687,48.6,0.105,6,
2756,268,1.687,48.6,0.105,5,
2757,273,1.695,48.6,0.105,7,
2758,267,1.692,48.6,0.105,3,
2759,261,1.694,48.6,0.105,4,
2760,263,1.699,48.6,0.105,4,
2761,263,1.693,48.6,0.105,5,
2762,264,1.689,48.6,0.105,3,
2763,262,1.689,48.6,0.105,3,
2764,258,1.697,48.6,0.105,3,
2765,251,1.697,48.6,0.105,2,
2766,263,1.696,48.6,0.105,4,
2767,267,1.691,48.6,0.105,4,
2768,255,1.691,48.6,0.105,2,
2769,255,1.695,48.6,0.105,2,
2770,250,1.696,48.6,0.105,2,
2771,257,1.697,48.6,0.105,3,
2772,248,1.679,48.6,0.105,3,
2773,253,1.692,48.6,0.105,1,
2774,260,1.68,48.6,0.105,5,
2775,255,1.689,48.6,0.105,3,
2776,243,1.689,48.6,0.105,0,
2777,243,1.695,48.6,0.105,0,
2778,251,1.679,48.6,0.105,2,
2779,248,1.681,48.6,0.105,2,
2780,255,1.678,48.6,0.105,4,
2781,251,1.678,48.6,0.105,3,
2782,239,1.687,48.6,0.105,0,
2783,249,1.679,48.6,0.105,2,
2784,251,1.679,48.6,0.105,4,
2785,246,1.678,48.6,0.105,1,
2786,247,1.678,48.6,0.105,0,
2787,232,1.678,48.6,0.105,0,
2788,229,1.678,48.6,0.105,0,
2789,230,1.711,48.6,0.105,0,
2790,242,1.712,48.6,0.105,0,
2791,229,1.678,48.6,0.105,0,
2792,226,1.678,48.6,0.105,0,
2793,240,1.678,48.6,0.105,1,
2794,224,1.678,48.6,0.105,0,
2795,238,1.679,48.6,0.105,0,
2796,223,1.678,48.6,0.105,0,
2797,234,1.688,48.6,0.105,0,
2798,218,1.678,48.6,0.105,0,
2799,236,1.69,48.4,0.105,0,
2800,221,1.679,48.4,0.105,0,
2801,234,1.696,48.4,0.105,0,
2802,214,1.685,48.4,0.105,0,
2803,231,1.685,48.4,0.105,0,
2804,214,1.685,48.4,0.105,0,
2805,222,1.701,48.4,0.105,0,
2806,221,1.697,48.4,0.105,0,
2807,213,1.696,48.4,0.105,0,
2808,219,1.699,48.4,0.105,0,
2809,215,1.699,48.4,0.105,0,
2810,210,1.699,48.4,0.105,0,
2811,212,1.703,48.4,0.105,0,
2812,206,1.704,48.4,0.105,0,
2813,208,1.704,48.4,0.105,0,
2814,205,1.704,48.4,0.105,0,
2815,203,1.704,48.4,0.105,0,
2816,216,1.704,48.4,0.105,0,
2817,208,1.704,48.4,0.105,0,
2818,206,1.705,48.4,0.105,0,
2819,201,1.705,48.4,0.105,0,
2820,206,1.705,48.4,0.105,0,
2821,211,1.705,48.4,0.105,0,
2822,213,1.706,48.4,0.105,0,
2823,204,1.705,48.4,0.105,0,
2824,206,1.706,48.4,0.105,0,
2825,278,1.706,48.4,0.105,8,
2826,203,1.706,48.4,0.105,0,
2827,278,1.706,48.4,0.105,7,
2828,270,1.706,48.4,0.105,5,
2829,274,1.707,48.4,0.105,7,
2830,267,1.707,48.4,0.105,3,
2831,278,1.708,48.4,0.105,8,
2832,200,1.708,48.4,0.105,0,
2833,278,1.69,48.4,0.105,7,
2834,271,1.69,48.4,0.105,7,
2835,262,1.696,48.4,0.105,5,
2836,262,1.697,48.4,0.105,4,
2837,279,1.702,48.4,0.105,7,
2838,269,1.702,48.4,0.105,4,
2839,260,1.682,48.4,0.105,5,
2840,261,1.692,48.4,0.105,4,
2841,262,1.693,48.4,0.105,5,
2842,260,1.709,48.4,0.105,2,
2843,264,1.689,48.4,0.105,3,
2844,259,1.688,48.4,0.105,5,
2845,258,1.688,48.4,0.105,5,
2846,268,1.688,48.4,0.105,6,
2847,256,1.687,48.4,0.105,4,
2848,264,1.687,48.4,0.105,4,
2849,263,1.687,48.4,0.105,6,
2850,256,1.687,48.4,0.105,4,
2851,254,1.687,48.4,0.105,4,
2852,258,1.687,48.4,0.105,4,
2853,260,1.687,48.4,0.105,5,
2854,249,1.687,48.4,0.105,1,
2855,249,1.688,48.4,0.105,1,
2856,248,1.688,48.4,0.105,1,
2857,244,1.692,48.4,0.105,0,
2858,256,1.692,48.4,0.105,3,
2859,256,1.692,48.4,0.105,3,
2860,256,1.693,48.4,0.105,2,
2861,236,1.671,48.4,0.105,1,
2862,235,1.691,48.4,0.105,0,
2863,236,1.7,48.4,0.105,0,
2864,234,1.684,48.4,0.105,0,
2865,249,1.681,48.4,0.105,2,
2866,243,1.682,48.4,0.105,0,
2867,243,1.683,48.4,0.105,0,
2868,244,1.691,48.4,0.105,0,
2869,234,1.69,48.4,0.105,0,
2870,229,1.691,48.4,0.105,0,
2871,234,1.71,48.4,0.105,0,
2872,234,1.699,48.4,0.105,0,
2873,235,1.681,48.4,0.105,0,
2874,224,1.692,48.4,0.105,0,
2875,226,1.699,48.4,0.105,0,
2876,221,1.692,48.4,0.105,0,
2877,224,1.692,48.4,0.105,0,
2878,223,1.688,48.4,0.105,0,
2879,225,1.688,48.4,0.105,0,
2880,235,1.686,48.4,0.105,0,
2881,216,1.685,48.4,0.105,0,
2882,234,1.688,48.4,0.105,0,
2883,218,1.689,48.4,0.105,0,
2884,228,1.684,48.4,0.105,0,
2885,230,1.695,48.4,0.105,0,
2886,230,1.686,48.4,0.105,0,
2887,216,1.686,48.4,0.105,0,
2888,211,1.687,48.4,0.105,0,
2889,212,1.698,48.4,0.105,0,
2890,224,1.699,48.4,0.105,0,
2891,209,1.699,48.4,0.105,0,
2892,221,1.695,48.4,0.105,0,
2893,207,1.694,48.4,0.105,0,
2894,205,1.687,48.4,0.105,0,
2895,205,1.686,48.4,0.105,0,
2896,209,1.687,48.4,0.105,0,
2897,203,1.687,48.4,0.105,0,
2898,213,1.687,48.4,0.105,0,
2899,212,1.705,48.4,0.105,0,
2900,212,1.705,48.4,0.105,0,
2901,209,1.705,48.4,0.105,0,
2902,213,1.705,48.4,0.105,0,
2903,212,1.699,48.4,0.105,0,
2904,277,1.701,48.4,0.105,6,
2905,211,1.699,48.4,0.105,0,
2906,202,1.699,48.4,0.105,0,
2907,280,1.698,48.4,0.105,9,
2908,273,1.686,48.4,0.105,8,
2909,205,1.698,48.4,0.105,0,
2910,276,1.698,48.4,0.105,8,
2911,201,1.698,48.4,0.105,0,
2912,200,1.699,48.4,0.105,0,
2913,276,1.699,48.4,0.105,6,
2914,279,1.684,48.4,0.105,7,
2915,264,1.691,48.4,0.105,3,
2916,262,1.688,48.4,0.105,4,
2917,276,1.69,48.4,0.105,8,
2918,278,1.692,48.4,0.105,8,
2919,267,1.694,48.4,0.1,3,
2920,272,1.684,48.4,0.1,7,
2921,275,1.684,48.4,0.1,8,
2922,271,1.683,48.4,0.1,7,
2923,262,1.691,48.4,0.1,5,
2924,261,1.684,48.4,0.1,6,
2925,269,1.697,48.4,0.1,4,
2926,252,1.697,48.4,0.1,1,
2927,265,1.684,48.4,0.1,6,
2928,260,1.683,48.4,0.1,5,
2929,249,1.683,48.4,0.1,1,
2930,261,1.684,48.4,0.1,5,
2931,259,1.684,48.4,0.1,4,
2932,249,1.699,48.4,0.1,0,
2933,262,1.689,48.4,0.1,3,
2934,261,1.689,48.4,0.1,4,
2935,252,1.692,48.4,0.1,1,
2936,254,1.696,48.4,0.1,2,
2937,245,1.696,48.4,0.1,0,
2938,247,1.696,48.4,0.1,0,
2939,252,1.696,48.4,0.1,1,
2940,253,1.696,48.4,0.1,1,
2941,251,1.697,48.4,0.1,2,
2942,250,1.696,48.4,0.1,1,
2943,235,1.695,48.4,0.1,0,
2944,253,1.695,48.4,0.1,1,
2945,249,1.692,48.4,0.1,0,
2946,246,1.696,48.4,0.1,0,
2947,248,1.697,48.4,0.1,0,
2948,231,1.696,48.4,0.1,0,
2949,239,1.695,48.4,0.1,0,
2950,232,1.695,48.4,0.1,0,
2951,236,1.697,48.4,0.1,0,
2952,228,1.696,48.4,0.1,0,
2953,230,1.69,48.4,0.1,0,
2954,235,1.695,48.4,0.1,0,
2955,236,1.695,48.4,0.1,0,
2956,230,1.695,48.4,0.1,0,
2957,231,1.695,48.4,0.1,0,
2958,236,1.695,48.4,0.1,0,
2959,234,1.695,48.4,0.1,0,
2960,230,1.696,48.4,0.1,0,
2961,231,1.696,48.4,0.1,0,
2962,231,1.695,48.4,0.1,0,
2963,225,1.695,48.4,0.1,0,
2964,220,1.696,48.4,0.1,0,
2965,222,1.696,48.4,0.1,0,
2966,215,1.696,48.4,0.1,0,
2967,216,1.696,48.4,0.1,0,
2968,218,1.695,48.4,0.1,0,
2969,216,1.696,48.4,0.1,0,
2970,220,1.694,48.4,0.1,0,
2971,212,1.693,48.4,0.1,0,
2972,213,1.695,48.4,0.1,0,
2973,216,1.694,48.4,0.1,0,
2974,215,1.695,48.4,0.1,0,
2975,210,1.694,48.4,0.1,0,
2976,208,1.682,48.4,0.1,0,
2977,206,1.681,48.4,0.1,0,
2978,215,1.68,48.4,0.1,0,
2979,200,1.684,48.4,0.1,0,
2980,280,1.685,48.4,0.1,10,
2981,214,1.687,48.4,0.1,0,
2982,203,1.698,48.4,0.1,0,
2983,278,1.691,48.4,0.1,7,
2984,205,1.691,48.4,0.1,0,
2985,208,1.691,48.4,0.1,0,
2986,277,1.683,48.4,0.1,7,
2987,205,1.683,48.4,0.1,0,
2988,278,1.698,48.4,0.1,7,
2989,273,1.698,48.4,0.1,7,
2990,275,1.698,48.4,0.1,9,
2991,204,1.688,48.4,0.1,0,
2992,200,1.684,48.4,0.1,0,
2993,268,1.684,48.4,0.1,6,
2994,280,1.684,48.4,0.1,11,
2995,272,1.683,48.4,0.1,7,
2996,270,1.682,48.4,0.1,5,
2997,268,1.687,48.4,0.1,5,
2998,267,1.681,48.4,0.1,6,
2999,263,1.686,48.4,0.1,6,
3000,263,1.682,48.4,0.1,6,
3001,276,1.682,48.4,0.1,8,
3002,269,1.682,48.4,0.1,6,
3003,269,1.681,48.4,0.1,6,
3004,268,1.681,48.4,0.1,6,
3005,268,1.682,48.4,0.1,6,
3006,260,1.691,48.4,0.1,3,
3007,261,1.683,48.4,0.1,5,
3008,251,1.699,48.4,0.1,1,
3009,269,1.699,48.4,0.1,3,
3010,260,1.699,48.4,0.1,2,
3011,254,1.699,48.4,0.1,1,
3012,251,1.699,48.4,0.1,1,
3013,261,1.698,48.4,0.1,5,
3014,248,1.698,48.4,0.1,0,
3015,250,1.698,48.4,0.1,1,
3016,253,1.687,48.4,0.1,3,
3017,242,1.687,48.4,0.1,0,
3018,256,1.681,48.4,0.1,4,
3019,248,1.687,48.4,0.1,1,
3020,246,1.686,48.4,0.1,0,
3021,248,1.682,48.4,0.1,2,
3022,250,1.686,48.4,0.1,3,
3023,243,1.686,48.4,0.1,0,
3024,245,1.685,48.4,0.1,0,
3025,234,1.702,48.4,0.1,0,
3026,252,1.7,48.4,0.1,1,
3027,244,1.7,48.4,0.1,0,
3028,231,1.685,48.4,0.1,0,
3029,241,1.684,48.4,0.1,0,
3030,245,1.685,48.4,0.1,0,
3031,241,1.692,48.4,0.1,0,
3032,243,1.685,48.4,0.1,0,
3033,243,1.685,48.4,0.1,0,
3034,241,1.69,48.4,0.1,0,
3035,243,1.685,48.4,0.1,0,
3036,237,1.684,48.4,0.1,0,
3037,224,1.686,48.4,0.1,0,
3038,234,1.683,48.4,0.1,0,
3039,220,1.686,48.4,0.1,0,
3040,237,1.685,48.4,0.1,0,
3041,221,1.683,48.4,0.1,0,
3042,222,1.671,48.4,0.1,1,
3043,228,1.698,48.4,0.1,0,
3044,216,1.668,48.4,0.1,1,
3045,224,1.686,48.4,0.1,0,
3046,226,1.687,48.4,0.1,0,
3047,220,1.686,48.4,0.1,0,
3048,227,1.686,48.4,0.1,0,
3049,228,1.687,48.4,0.1,0,
3050,221,1.687,48.4,0.1,0,
3051,227,1.687,48.4,0.1,0,
3052,209,1.687,48.4,0.1,0,
3053,224,1.687,48.4,0.1,0,
3054,217,1.687,48.4,0.1,0,
3055,221,1.687,48.4,0.1,0,
3056,210,1.688,48.4,0.1,0,
3057,215,1.688,48.4,0.1,0,
3058,209,1.688,48.4,0.1,0,
3059,207,1.681,48.4,0.1,0,
3060,203,1.684,48.4,0.1,0,
3061,212,1.684,48.4,0.1,0,
3062,211,1.688,48.4,0.1,0,
3063,206,1.686,48.4,0.1,0,
3064,212,1.687,48.4,0.1,0,
3065,279,1.687,48.4,0.1,10,
3066,212,1.659,48.4,0.1,1,
3067,210,1.659,48.4,0.1,1,
3068,210,1.659,48.4,0.1,1,
3069,205,1.685,48.4,0.1,0,
3070,271,1.688,48.4,0.1,7,
3071,274,1.69,48.4,0.1,6,
3072,268,1.689,48.4,0.1,4,
3073,277,1.687,48.4,0.1,7,
3074,269,1.685,48.4,0.1,6,
3075,277,1.692,48.4,0.1,8,
3076,201,1.691,48.4,0.1,0,
3077,265,1.691,48.4,0.1,5,
3078,268,1.689,48.4,0.1,4,
3079,280,1.714,48.4,0.1,8,
3080,265,1.713,48.4,0.1,3,
3081,278,1.712,48.4,0.1,6,
3082,265,1.685,48.4,0.1,5,
3083,273,1.685,48.4,0.1,7,
3084,273,1.683,48.4,0.1,8,
3085,266,1.681,48.4,0.1,6,
3086,256,1.682,48.4,0.1,4,
3087,264,1.683,48.4,0.1,5,
3088,264,1.683,48.4,0.1,6,
3089,256,1.683,48.4,0.1,4,
3090,266,1.683,48.4,0.1,5,
3091,265,1.684,48.4,0.1,6,
3092,261,1.681,48.4,0.1,5,
3093,262,1.692,48.4,0.1,4,
3094,255,1.682,48.4,0.1,4,
3095,261,1.69,48.4,0.1,5,
3096,252,1.688,48.4,0.1,2,
3097,243,1.688,48.4,0.1,0,
3098,249,1.683,48.4,0.1,1,
3099,249,1.688,48.4,0.1,1,
3100,240,1.683,48.4,0.1,0,
3101,253,1.688,48.4,0.1,2,
3102,255,1.686,48.4,0.1,4,
3103,255,1.682,48.4,0.1,4,
3104,247,1.682,48.4,0.1,0,
3105,235,1.682,48.4,0.1,0,
3106,246,1.682,48.4,0.1,1,
3107,244,1.698,48.4,0.1,0,
3108,249,1.699,48.4,0.1,0,
3109,232,1.659,48.4,0.1,2,
3110,235,1.659,48.4,0.1,1,
3111,246,1.659,48.4,0.1,2,
3112,241,1.659,48.4,0.1,2,
3113,232,1.701,48.4,0.1,0,
3114,241,1.697,48.4,0.1,0,
3115,226,1.704,48.4,0.1,0,
3116,229,1.702,48.4,0.1,0,
3117,237,1.717,48.4,0.1,0,
3118,225,1.718,48.4,0.1,0,
3119,236,1.704,48.4,0.1,0,
3120,230,1.691,48.4,0.1,0,
3121,231,1.688,48.4,0.1,0,
3122,225,1.691,48.4,0.1,0,
3123,235,1.692,48.4,0.1,0,
3124,218,1.692,48.4,0.1,0,
3125,229,1.692,48.4,0.1,0,
3126,215,1.692,48.4,0.1,0,
3127,232,1.692,48.4,0.1,0,
3128,212,1.692,48.4,0.1,0,
3129,220,1.692,48.4,0.1,0,
3130,217,1.688,48.4,0.1,0,
3131,213,1.689,48.4,0.1,0,
3132,210,1.689,48.4,0.1,0,
3133,222,1.687,48.4,0.1,0,
3134,225,1.687,48.4,0.1,0,
3135,216,1.687,48.4,0.1,0,
3136,215,1.692,48.4,0.1,0,
3137,204,1.688,48.4,0.1,0,
3138,220,1.699,48.4,0.1,0,
3139,217,1.699,48.4,0.1,0,
3140,218,1.688,48.4,0.1,0,
3141,210,1.688,48.4,0.1,0,
3142,204,1.696,48.4,0.1,0,
3143,205,1.696,48.4,0.1,0,
3144,204,1.696,48.4,0.1,0,
3145,203,1.688,48.4,0.1,0,
3146,276,1.699,48.4,0.1,7,
3147,276,1.695,48.4,0.1,7,
3148,274,1.699,48.4,0.1,8,
3149,204,1.688,48.4,0.1,0,
3150,202,1.699,48.4,0.1,0,
3151,206,1.696,48.4,0.1,0,
3152,201,1.699,48.4,0.1,0,
3153,269,1.682,48.4,0.1,7,
3154,278,1.683,48.4,0.1,9,
3155,277,1.683,48.4,0.1,8,
3156,272,1.683,48.4,0.1,7,
3157,268,1.685,48.4,0.1,6,
3158,263,1.691,48.4,0.1,5,
3159,272,1.691,48.4,0.1,7,
3160,279,1.683,48.4,0.1,8,
3161,277,1.684,48.4,0.1,9,
3162,266,1.682,48.4,0.1,6,
3163,274,1.689,48.4,0.1,8,
3164,257,1.693,48.4,0.1,3,
3165,275,1.693,48.4,0.1,6,
3166,268,1.688,48.4,0.1,5,
3167,265,1.688,48.4,0.1,6,
3168,270,1.696,48.4,0.1,6,
3169,258,1.697,48.4,0.1,3,
3170,262,1.69,48.4,0.1,5,
3171,250,1.69,48.4,0.1,2,
3172,264,1.69,48.4,0.1,3,
3173,267,1.69,48.4,0.1,5,
3174,251,1.69,48.4,0.1,2,
3175,258,1.69,48.4,0.1,4,
3176,262,1.69,48.4,0.1,5,
3177,260,1.682,48.4,0.1,4,
3178,251,1.695,48.4,0.1,2,
3179,255,1.681,48.4,0.1,4,
3180,249,1.681,48.4,0.1,2,
3181,244,1.681,48.4,0.1,0,
3182,241,1.696,48.4,0.1,0,
3183,242,1.681,48.4,0.1,0,
3184,246,1.697,48.4,0.1,0,
3185,243,1.696,48.4,0.1,0,
3186,250,1.696,48.4,0.1,1,
3187,242,1.695,48.4,0.1,0,
3188,242,1.696,48.4,0.1,0,
3189,249,1.697,48.4,0.1,0,
3190,234,1.697,48.4,0.1,0,
3191,241,1.681,48.4,0.1,0,
3192,243,1.697,48.4,0.1,0,
3193,231,1.681,48.4,0.1,0,
3194,238,1.692,48.4,0.1,0,
3195,226,1.692,48.4,0.1,0,
3196,228,1.69,48.4,0.1,0,
3197,234,1.681,48.4,0.1,0,
3198,229,1.697,48.4,0.1,0,
3199,236,1.681,48.4,0.1,0,
3200,229,1.679,48.4,0.1,0,
3201,222,1.679,48.4,0.1,0,
3202,236,1.68,48.4,0.1,0,
3203,221,1.679,48.4,0.1,0,
3204,226,1.679,48.4,0.1,0,
3205,217,1.679,48.4,0.1,0,
3206,224,1.679,48.4,0.1,0,
3207,223,1.701,48.4,0.1,0,
3208,215,1.7,48.4,0.1,0,
3209,223,1.698,48.4,0.1,0,
3210,230,1.694,48.4,0.1,0,
3211,221,1.694,48.4,0.1,0,
3212,227,1.693,48.4,0.1,0,
3213,218,1.693,48.4,0.1,0,
3214,219,1.704,48.4,0.1,0,
3215,211,1.715,48.4,0.1,0,
3216,208,1.714,48.4,0.1,0,
3217,206,1.713,48.4,0.1,0,
3218,216,1.703,48.4,0.1,0,
3219,206,1.689,48.4,0.1,0,
3220,205,1.689,48.4,0.1,0,
3221,206,1.687,48.4,0.1,0,
3222,210,1.687,48.4,0.1,0,
3223,279,1.689,48.4,0.1,8,
3224,204,1.692,48.4,0.1,0,
3225,213,1.692,48.4,0.1,0,
3226,280,1.689,48.4,0.1,10,
3227,209,1.689,48.4,0.1,0,
3228,276,1.692,48.4,0.1,8,
3229,211,1.691,48.4,0.1,0,
3230,206,1.689,48.4,0.1,0,
3231,204,1.691,48.4,0.1,0,
3232,208,1.689,48.4,0.1,0,
3233,272,1.689,48.4,0.1,7,
3234,271,1.691,48.4,0.1,7,
3235,268,1.689,48.4,0.1,4,
3236,272,1.69,48.4,0.1,7,
3237,279,1.689,48.4,0.1,8,
3238,273,1.69,48.4,0.1,9,
3239,266,1.689,48.4,0.1,5,
3240,274,1.689,48.4,0.1,8,
3241,279,1.69,48.4,0.1,7,
3242,279,1.691,48.4,0.1,8,
3243,263,1.691,48.4,0.1,5,
3244,266,1.689,48.4,0.1,5,
3245,264,1.689,48.4,0.1,3,
3246,267,1.688,48.4,0.1,5,
3247,255,1.689,48.4,0.1,3,
3248,255,1.689,48.4,0.1,4,
3249,255,1.689,48.4,0.1,3,
3250,266,1.681,48.4,0.1,7,
3251,251,1.687,48.4,0.1,2,
3252,255,1.697,48.4,0.1,2,
3253,259,1.687,48.4,0.1,4,
3254,264,1.696,48.4,0.1,3,
3255,249,1.687,48.4,0.1,1,
3256,254,1.691,48.4,0.1,2,
3257,252,1.691,48.4,0.1,1,
3258,249,1.689,48.4,0.1,1,
3259,245,1.689,48.4,0.1,0,
3260,258,1.696,48.4,0.1,3,
3261,252,1.69,48.4,0.1,1,
3262,255,1.696,48.4,0.1,2,
3263,250,1.697,48.4,0.1,1,
3264,244,1.702,48.4,0.1,0,
3265,253,1.703,48.4,0.1,1,
3266,243,1.715,48.4,0.1,0,
3267,237,1.712,48.4,0.1,0,
3268,244,1.7,48.4,0.1,0,
3269,237,1.69,48.4,0.1,0,
3270,244,1.689,48.4,0.1,0,
3271,245,1.688,48.4,0.1,0,
3272,231,1.684,48.4,0.1,0,
3273,232,1.69,48.4,0.1,0,
3274,239,1.696,48.4,0.1,0,
3275,241,1.691,48.4,0.1,0,
3276,237,1.688,48.4,0.1,0,
3277,233,1.685,48.4,0.1,0,
3278,235,1.688,48.4,0.1,0,
3279,239,1.686,48.4,0.1,0,
3280,235,1.688,48.4,0.1,0,
3281,227,1.688,48.4,0.1,0,
3282,235,1.682,48.4,0.1,0,
3283,221,1.682,48.4,0.1,0,
3284,231,1.692,48.4,0.1,0,
3285,224,1.691,48.4,0.1,0,
3286,235,1.691,48.4,0.1,0,
3287,229,1.692,48.4,0.1,0,
3288,227,1.692,48.4,0.1,0,
3289,222,1.698,48.4,0.1,0,
3290,219,1.698,48.4,0.1,0,
3291,215,1.698,48.4,0.1,0,
3292,213,1.699,48.4,0.1,0,
3293,228,1.699,48.4,0.1,0,
3294,225,1.698,48.4,0.1,0,
3295,218,1.7,48.4,0.1,0,
3296,223,1.7,48.4,0.1,0,
3297,208,1.7,48.4,0.1,0,
3298,218,1.7,48.4,0.1,0,
3299,222,1.689,48.4,0.1,0,
3300,210,1.683,48.4,0.1,0,
3301,218,1.689,48.4,0.1,0,
3302,209,1.683,48.4,0.1,0,
3303,212,1.687,48.4,0.1,0,
3304,214,1.687,48.4,0.1,0,
3305,278,1.681,48.4,0.1,8,
3306,205,1.681,48.4,0.1,0,
3307,211,1.698,48.4,0.1,0,
3308,280,1.697,48.4,0.1,8,
3309,206,1.695,48.4,0.1,0,
3310,202,1.695,48.4,0.1,0,
3311,210,1.692,48.4,0.1,0,
3312,200,1.696,48.4,0.1,0,
3313,206,1.699,48.4,0.1,0,
3314,278,1.691,48.4,0.1,8,
3315,206,1.697,48.4,0.1,0,
3316,275,1.697,48.4,0.1,8,
3317,201,1.686,48.1,0.1,0,
3318,266,1.689,48.1,0.1,5,
3319,277,1.683,48.1,0.1,7,
3320,266,1.682,48.1,0.1,6,
3321,270,1.682,48.1,0.1,6,
3322,280,1.687,48.1,0.1,9,
3323,263,1.682,48.1,0.1,5,
3324,262,1.682,48.1,0.1,5,
3325,264,1.68,48.1,0.1,6,
3326,258,1.682,48.1,0.1,4,
3327,274,1.68,48.1,0.1,8,
3328,259,1.681,48.1,0.1,4,
3329,270,1.679,48.1,0.1,6,
3330,268,1.679,48.1,0.1,7,
3331,263,1.687,48.1,0.1,5,
3332,255,1.698,48.1,0.1,1,
3333,259,1.699,48.1,0.1,2,
3334,254,1.679,48.1,0.1,4,
3335,248,1.679,48.1,0.1,2,
3336,250,1.703,48.1,0.1,1,
3337,255,1.702,48.1,0.1,1,
3338,248,1.698,48.1,0.1,0,
3339,258,1.7,48.1,0.1,2,
3340,262,1.698,48.1,0.1,3,
3341,255,1.697,48.1,0.1,1,
3342,254,1.697,48.1,0.1,2,
3343,243,1.705,48.1,0.1,0,
3344,256,1.696,48.1,0.1,2,
3345,244,1.687,48.1,0.1,0,
3346,237,1.687,48.1,0.1,0,
3347,246,1.688,48.1,0.1,0,
3348,248,1.688,48.1,0.1,1,
3349,238,1.688,48.1,0.1,0,
3350,238,1.688,48.1,0.1,0,
3351,245,1.688,48.1,0.1,0,
3352,236,1.688,48.1,0.1,0,
3353,235,1.688,48.1,0.1,0,
3354,235,1.697,48.1,0.1,0,
3355,229,1.703,48.1,0.1,0,
3356,244,1.702,48.1,0.1,0,
3357,229,1.688,48.1,0.1,0,
3358,241,1.688,48.1,0.1,0,
3359,226,1.685,48.1,0.1,0,
3360,227,1.686,48.1,0.1,0,
3361,227,1.686,48.1,0.1,0,
3362,236,1.691,48.1,0.1,0,
